,cloudy,cloudyFactor,cold,coldFactor,foggy,foggyFactor,rain,rainFactor,sunny,sunnyFactor,windy,windyFactor,datetime,Day,Temperature0,Temperature1,Temperature2,Temperature3,Temperature4,Weather0,Weather1,Weather2,Weather3,Weather4,foggyW,cloudyW,rainW,sunnyW,feels like temperature0,feels like temperature1,feels like temperature2,feels like temperature3,feels like temperature4,humidity0,humidity1,humidity2,humidity3,humidity4,max uv index0,max uv index1,max uv index2,max uv index3,max uv index4,precipitation probability0,precipitation probability1,precipitation probability2,precipitation probability3,precipitation probability4,visibility0,visibility1,visibility2,visibility3,visibility4,wind direction0,wind direction1,wind direction2,wind direction3,wind direction4,wind gust0,wind gust1,wind gust2,wind gust3,wind gust4,wind speed0,wind speed1,wind speed2,wind speed3,wind speed4
0,1,0.074000987,1,0.074000987,0,0,1,0.074000987,0,0,0,0,2016-12-06-0,2016-12-06,3,,,,,foggy,,,,,1,0,0,0,2,,,,,97,,,,,0,,,,,16,,,,,PO,,,,,NE,,,,,4,,,,,2,,,,
1,0,0,11,0.834269663,2,0.151685393,1,0.075842697,3,0.22752809,0,0,2016-12-06-1,2016-12-06,4,,,,,cloudy,,,,,0,1,0,0,3,,,,,93,,,,,0,,,,,5,,,,,MO,,,,,ENE,,,,,9,,,,,2,,,,
2,2,0.071084783,49,1.741577194,99,3.518696779,6,0.21325435,15,0.533135876,5,0.177711959,2016-12-06-2,2016-12-06,5,,,,,cloudy,,,,,0,1,0,0,4,,,,,95,,,,,0,,,,,6,,,,,MO,,,,,E,,,,,7,,,,,4,,,,
3,0,0,47,1.204806409,119,3.05046729,6,0.153805073,33,0.845927904,6,0.153805073,2016-12-06-3,2016-12-06,5,,,,,foggy,,,,,1,0,0,0,5,,,,,98,,,,,1,,,,,17,,,,,PO,,,,,E,,,,,7,,,,,2,,,,
4,0,0,11,0.289473684,44,1.157894737,4,0.105263158,9,0.236842105,1,0.026315789,2016-12-06-4,2016-12-06,8,,,,,cloudy,,,,,0,1,0,0,7,,,,,91,,,,,1,,,,,11,,,,,MO,,,,,ESE,,,,,7,,,,,2,,,,
5,2,0.052631579,21,0.552631579,17,0.447368421,70,1.842105263,23,0.605263158,46,1.210526316,2016-12-07-4,2016-12-07,12,11,,,,cloudy,cloudy,,,,0,1.75,0,0,10,10,,,,85,86,,,,1,1,,,,4,5,,,,MO,GO,,,,SSW,SSW,,,,18,18,,,,9,9,,,
6,0,0,11,0.298111142,1,0.027101013,25,0.677525322,4,0.108404051,10,0.271010129,2016-12-07-5,2016-12-07,12,11,,,,cloudy,cloudy,,,,0,1.75,0,0,10,10,,,,83,85,,,,1,1,,,,5,5,,,,GO,GO,,,,SSW,SSW,,,,18,20,,,,7,9,,,
7,8,0.239818319,33,0.989250568,14,0.419682059,116,3.477365632,14,0.419682059,69,2.068433005,2016-12-07-6,2016-12-07,11,11,,,,cloudy,cloudy,,,,0,1.75,0,0,9,9,,,,87,86,,,,0,0,,,,0,4,,,,GO,GO,,,,SSW,SW,,,,20,20,,,,7,9,,,
8,8,0.43231441,27,1.459061135,20,1.080786026,66,3.566593886,10,0.540393013,43,2.323689956,2016-12-07-7,2016-12-07,10,10,,,,cloudy,cloudy,,,,0,1.75,0,0,9,9,,,,89,86,,,,0,0,,,,4,4,,,,GO,GO,,,,SSW,SSW,,,,18,20,,,,7,9,,,
9,36,1.279526101,30,1.066271751,42,1.492780452,128,4.549426138,27,0.959644576,74,2.630136986,2016-12-08-2,2016-12-08,10,10,11,,,cloudy,cloudy,cloudy,,,0,2.3125,0,0,9,8,9,,,89,86,91,,,0,0,0,,,4,6,19,,,MO,GO,GO,,,SSW,SSW,SSW,,,16,18,18,,,7,7,9,,
10,12,0.307610147,14,0.358878505,11,0.281975968,37,0.948464619,20,0.512683578,26,0.666488652,2016-12-08-3,2016-12-08,11,10,11,,,cloudy,cloudy,cloudy,,,0,2.3125,0,0,9,9,9,,,80,85,92,,,1,1,1,,,6,7,17,,,GO,GO,GO,,,SSW,SSW,SW,,,20,18,20,,,9,7,11,,
11,11,0.289473684,29,0.763157895,20,0.526315789,51,1.342105263,18,0.473684211,38,1,2016-12-08-4,2016-12-08,12,12,12,,,cloudy,cloudy,rain,,,0,1.75,0.5625,0,10,10,11,,,84,86,90,,,1,1,1,,,11,12,47,,,GO,GO,GO,,,SW,SW,SW,,,22,20,20,,,9,9,9,,
12,11,0.298111142,15,0.406515193,21,0.56912127,45,1.219545579,21,0.56912127,24,0.650424309,2016-12-08-5,2016-12-08,12,12,13,,,cloudy,cloudy,cloudy,,,0,2.3125,0,0,10,11,11,,,92,92,91,,,1,1,1,,,11,12,13,,,MO,MO,GO,,,SW,SW,SW,,,22,18,16,,,9,9,9,,
13,13,0.389704769,15,0.449659349,37,1.109159727,39,1.169114307,11,0.329750189,28,0.839364118,2016-12-08-6,2016-12-08,12,12,12,,,cloudy,cloudy,cloudy,,,0,2.3125,0,0,11,11,11,,,94,94,93,,,0,0,0,,,10,12,13,,,MO,MO,GO,,,SW,SW,SW,,,18,16,16,,,9,7,7,,
14,9,0.486353712,10,0.540393013,19,1.026746725,22,1.188864629,15,0.81058952,19,1.026746725,2016-12-08-7,2016-12-08,12,12,12,,,cloudy,cloudy,cloudy,,,0,2.3125,0,0,11,11,10,,,95,95,95,,,0,0,0,,,9,11,14,,,MO,MO,GO,,,SW,SW,SW,,,13,13,16,,,7,7,7,,
15,20,0.710847834,7,0.248796742,25,0.888559793,26,0.924102184,10,0.355423917,23,0.817475009,2016-12-09-2,2016-12-09,12,12,11,11,,cloudy,cloudy,cloudy,cloudy,,0,2.734375,0,0,11,10,10,9,,95,94,94,93,,0,0,0,0,,11,13,15,10,,MO,MO,GO,GO,,SW,SSW,SSW,SSW,,18,16,16,18,,9,9,9,9,
16,9,0.23070761,13,0.333244326,17,0.435781041,38,0.974098798,17,0.435781041,27,0.69212283,2016-12-09-3,2016-12-09,12,11,11,10,,cloudy,cloudy,cloudy,cloudy,,0,2.734375,0,0,10,10,9,8,,90,92,94,93,,1,1,1,1,,4,9,12,8,,GO,GO,GO,GO,,SSW,SW,SSW,SSW,,18,18,18,18,,7,9,9,9,
17,7,0.184210526,21,0.552631579,12,0.315789474,38,1,36,0.947368421,28,0.736842105,2016-12-09-4,2016-12-09,12,11,12,11,,cloudy,cloudy,cloudy,cloudy,,0,2.734375,0,0,11,10,10,9,,86,89,89,89,,1,1,1,1,,4,9,7,11,,GO,GO,GO,GO,,SSW,SW,SSW,SSW,,18,18,20,20,,9,9,11,11,
18,13,0.352313167,16,0.433616206,19,0.514919244,44,1.192444566,25,0.677525322,29,0.785929373,2016-12-09-5,2016-12-09,12,11,12,11,,cloudy,cloudy,cloudy,cloudy,,0,2.734375,0,0,11,9,10,9,,84,89,88,88,,1,1,1,1,,5,9,6,9,,GO,GO,VG,GO,,SSW,SSW,SSW,SSW,,18,18,20,20,,9,9,9,11,
19,14,0.419682059,17,0.509613929,23,0.689477668,46,1.378955337,27,0.809386828,34,1.019227858,2016-12-09-6,2016-12-09,11,10,10,11,,cloudy,cloudy,cloudy,cloudy,,0,2.734375,0,0,9,8,8,8,,88,93,92,91,,0,0,0,0,,5,10,8,11,,GO,GO,GO,GO,,SSW,SSW,SSW,SSW,,16,20,20,22,,7,9,11,11,
20,8,0.43231441,9,0.486353712,10,0.540393013,22,1.188864629,12,0.648471616,13,0.702510917,2016-12-09-7,2016-12-09,10,10,11,11,,cloudy,cloudy,cloudy,cloudy,,0,2.734375,0,0,8,8,8,8,,89,91,92,91,,0,0,0,0,,8,11,15,14,,GO,GO,GO,GO,,SW,SW,SW,SSW,,18,20,22,22,,9,9,11,11,
21,50,1.315789474,15,0.394736842,7,0.184210526,30,0.789473684,11,0.289473684,16,0.421052632,2016-12-10-4,2016-12-10,12,13,12,12,11,cloudy,cloudy,rain,cloudy,cloudy,0,2.48828125,0.5625,0,12,11,10,10,10,92,89,89,89,88,1,1,1,1,1,23,21,51,17,17,MO,GO,GO,GO,GO,WSW,SW,SW,SW,WSW,9,20,18,20,18,4,9,9,11,9
22,20,0.542020257,28,0.75882836,13,0.352313167,99,2.683000274,21,0.56912127,33,0.894333425,2016-12-10-5,2016-12-10,12,12,12,12,11,rain,rain,rain,rain,cloudy,0,0.31640625,2.734375,0,12,11,10,10,10,92,85,87,88,87,1,1,1,1,1,91,61,55,43,14,MO,GO,GO,GO,GO,WSW,SW,WSW,SW,WSW,9,20,16,16,16,4,9,9,9,9
23,14,0.419682059,32,0.959273278,17,0.509613929,113,3.387433762,11,0.329750189,38,1.139137017,2016-12-10-6,2016-12-10,12,11,11,11,10,rain,rain,rain,rain,cloudy,0,0.31640625,2.734375,0,11,9,9,9,9,94,89,89,89,88,0,0,0,0,0,94,66,56,49,15,PO,MO,MO,GO,GO,WSW,SW,WSW,WSW,W,11,22,16,16,13,4,9,9,7,7
24,5,0.270196507,15,0.81058952,8,0.43231441,51,2.756004367,10,0.540393013,16,0.864628821,2016-12-10-7,2016-12-10,11,11,11,10,9,rain,rain,rain,rain,cloudy,0,0.31640625,2.734375,0,10,9,9,8,7,92,90,90,89,89,0,0,0,0,0,91,85,51,71,15,MO,MO,MO,GO,VG,NW,WSW,W,W,W,11,22,16,16,13,4,9,7,7,7
25,3,0.22752809,4,0.303370787,11,0.834269663,14,1.061797753,3,0.22752809,11,0.834269663,2016-12-11-1,2016-12-11,8,8,8,8,8,sunny,sunny,sunny,sunny,cloudy,0,0.31640625,0,2.734375,6,7,6,6,7,87,90,87,90,90,0,0,0,0,0,0,1,1,2,13,GO,GO,VG,VG,GO,W,WNW,WNW,W,W,18,13,13,13,13,7,7,7,7,7
26,19,0.675305442,15,0.533135876,8,0.284339134,30,1.066271751,12,0.4265087,24,0.853017401,2016-12-11-2,2016-12-11,7,7,6,6,7,sunny,sunny,sunny,sunny,sunny,0,0,0,3.05078125,5,6,4,4,5,87,90,89,91,91,0,0,0,0,0,0,0,1,1,9,MO,GO,VG,VG,VG,W,W,W,W,WNW,16,11,13,11,11,7,4,7,7,7
27,7,0.179439252,22,0.563951936,19,0.487049399,45,1.153538051,34,0.871562083,25,0.640854473,2016-12-11-3,2016-12-11,6,7,5,6,6,sunny,sunny,sunny,sunny,sunny,0,0,0,3.05078125,4,5,3,4,4,88,90,92,91,91,1,1,1,1,1,0,0,1,1,4,MO,MO,VG,VG,VG,W,WSW,W,W,WNW,13,11,11,13,11,7,4,7,7,7
28,5,0.131578947,13,0.342105263,39,1.026315789,45,1.184210526,25,0.657894737,27,0.710526316,2016-12-11-4,2016-12-11,8,8,8,8,8,sunny,sunny,cloudy,sunny,sunny,0,0.5625,0,2.48828125,6,6,6,6,6,80,84,86,86,86,1,1,1,1,1,0,0,1,1,3,MO,GO,VG,VG,VG,W,W,W,W,WNW,13,13,16,16,13,7,7,7,7,7
29,12,0.325212154,31,0.840131399,51,1.382151656,31,0.840131399,38,1.029838489,25,0.677525322,2016-12-11-5,2016-12-11,9,9,8,8,9,cloudy,cloudy,cloudy,sunny,cloudy,0,2.62890625,0,0.421875,8,7,6,7,7,77,81,87,85,85,1,1,1,1,1,4,0,1,1,2,GO,GO,VG,VG,VG,W,W,WSW,W,WNW,13,13,11,11,13,7,7,7,7,7
30,8,0.239818319,16,0.479636639,13,0.389704769,46,1.378955337,18,0.539591219,24,0.719454958,2016-12-11-6,2016-12-11,8,7,6,7,7,cloudy,cloudy,cloudy,cloudy,cloudy,0,3.05078125,0,0,7,6,4,5,6,86,88,93,90,89,0,0,0,0,0,3,1,5,5,7,MO,GO,VG,GO,VG,W,W,WSW,W,W,11,11,11,11,11,4,4,7,7,7
31,14,0.756550218,13,0.702510917,14,0.756550218,24,1.296943231,11,0.594432314,16,0.864628821,2016-12-11-7,2016-12-11,7,6,5,6,7,cloudy,cloudy,foggy,cloudy,cloudy,0.5625,2.48828125,0,0,6,5,3,4,5,89,92,94,92,92,0,0,0,0,0,4,4,13,4,8,MO,MO,VP,GO,GO,WSW,WSW,WSW,W,WSW,9,9,11,11,11,4,4,4,4,7
32,5,0.177711959,1,0.035542392,19,0.675305442,22,0.781932618,6,0.21325435,14,0.497593484,2016-12-12-2,2016-12-12,5,5,4,7,5,foggy,foggy,foggy,foggy,foggy,3.05078125,0,0,0,4,4,3,5,4,97,94,96,92,94,0,0,0,0,0,17,16,17,17,15,PO,VP,VP,VP,PO,ESE,S,S,S,WSW,7,4,7,7,9,2,2,2,4,4
33,33,0.845927904,30,0.769025367,46,1.17917223,122,3.127369826,15,0.384512684,90,2.307076101,2016-12-12-3,2016-12-12,6,5,5,7,5,cloudy,cloudy,cloudy,foggy,foggy,0.73828125,2.3125,0,0,5,4,3,6,4,88,90,96,93,95,1,1,1,1,1,45,7,11,13,16,MO,MO,MO,VP,PO,ESE,ESE,SSE,SSW,S,13,11,9,9,9,4,4,4,4,4
34,26,0.684210526,47,1.236842105,136,3.578947368,133,3.5,15,0.394736842,67,1.763157895,2016-12-12-4,2016-12-12,8,8,7,9,6,cloudy,cloudy,cloudy,cloudy,cloudy,0,3.05078125,0,0,6,6,6,8,5,86,83,92,89,92,1,1,1,1,1,48,10,19,9,11,MO,GO,GO,GO,MO,SE,SSE,S,SSW,S,11,13,11,11,9,4,7,7,7,4
35,24,0.650424309,43,1.165343553,40,1.084040515,148,4.010949904,30,0.813030386,86,2.330687106,2016-12-12-5,2016-12-12,9,8,9,10,7,cloudy,rain,cloudy,cloudy,cloudy,0,2.30078125,0.75,0,8,6,7,8,6,96,86,91,87,89,1,1,1,1,1,53,58,18,7,10,MO,GO,GO,VG,GO,SE,SSE,S,SSW,S,13,13,13,13,11,4,7,7,7,7
36,29,0.869341408,43,1.289023467,50,1.498864497,122,3.657229372,17,0.509613929,84,2.518092354,2016-12-12-6,2016-12-12,10,8,9,9,7,cloudy,rain,cloudy,cloudy,cloudy,0,2.30078125,0.75,0,9,7,7,7,5,94,94,93,89,90,0,0,0,0,0,13,59,17,11,9,MO,MO,GO,VG,GO,SSW,SE,S,SSW,S,16,13,13,13,13,7,7,7,7,7
37,17,0.918668122,8,0.43231441,21,1.134825328,70,3.782751092,6,0.324235808,34,1.837336245,2016-12-12-7,2016-12-12,10,9,10,9,7,cloudy,cloudy,cloudy,cloudy,cloudy,0,3.05078125,0,0,9,8,8,7,5,92,96,95,90,91,0,0,0,0,0,11,11,21,9,13,GO,MO,MO,VG,GO,SW,S,SSW,SSW,SSE,16,13,16,13,13,7,7,9,7,7
38,1,0.035542392,6,0.21325435,10,0.355423917,7,0.248796742,3,0.106627175,1,0.035542392,2016-12-13-2,2016-12-13,10,9,10,10,8,cloudy,cloudy,cloudy,cloudy,cloudy,0,3.05078125,0,0,9,8,9,8,7,92,91,94,95,93,0,0,0,0,0,11,24,24,18,15,MO,MO,GO,GO,GO,SSW,S,S,SW,SSW,9,13,11,11,13,4,4,4,7,7
39,22,0.563951936,25,0.640854473,17,0.435781041,56,1.435514019,19,0.487049399,26,0.666488652,2016-12-13-3,2016-12-13,10,10,10,10,9,cloudy,rain,cloudy,cloudy,cloudy,0,2.30078125,0.75,0,10,9,9,8,7,94,95,94,95,92,1,1,1,1,1,17,68,19,19,13,MO,MO,GO,GO,GO,SSE,S,SSW,SW,S,11,13,13,11,13,4,7,7,7,7
40,20,0.526315789,20,0.526315789,29,0.763157895,53,1.394736842,19,0.5,15,0.394736842,2016-12-13-4,2016-12-13,12,12,11,10,10,cloudy,cloudy,rain,cloudy,cloudy,0,2.48828125,0.5625,0,10,10,10,9,8,95,93,93,92,89,1,1,1,1,1,21,40,51,18,11,MO,MO,GO,GO,VG,SSW,SW,SSW,SW,SSW,16,16,16,16,16,7,7,9,7,9
41,17,0.460717219,23,0.623323296,138,3.739939776,51,1.382151656,15,0.406515193,33,0.894333425,2016-12-13-5,2016-12-13,12,12,12,10,10,cloudy,cloudy,cloudy,cloudy,cloudy,0,3.05078125,0,0,11,11,10,9,8,94,90,92,91,88,1,1,1,1,1,35,36,17,18,9,MO,GO,GO,GO,VG,SSW,SW,SSW,SSW,SSW,16,13,16,13,13,7,7,7,7,7
42,12,0.359727479,35,1.049205148,102,3.057683573,53,1.588796366,22,0.659500379,28,0.839364118,2016-12-13-6,2016-12-13,12,12,11,10,8,cloudy,rain,cloudy,cloudy,cloudy,0,2.30078125,0.75,0,11,11,10,9,6,94,91,93,91,91,0,0,0,0,0,14,32,15,13,11,MO,MO,GO,GO,VG,SSW,SW,SSW,SSW,SSW,18,13,16,11,13,7,7,7,7,7
43,8,0.43231441,16,0.864628821,76,4.1069869,29,1.567139738,10,0.540393013,15,0.81058952,2016-12-13-7,2016-12-13,12,11,11,9,9,cloudy,cloudy,cloudy,cloudy,cloudy,0,3.05078125,0,0,11,10,9,8,7,94,94,93,92,91,0,0,0,0,0,11,17,14,12,11,GO,GO,GO,GO,VG,SSW,SW,SSW,SSW,S,16,13,13,11,13,7,7,7,7,9
44,4,0.142169567,8,0.284339134,36,1.279526101,4,0.142169567,19,0.675305442,2,0.071084783,2016-12-14-2,2016-12-14,10,10,10,9,9,cloudy,cloudy,cloudy,cloudy,cloudy,0,3.05078125,0,0,10,9,9,7,7,91,93,94,94,94,0,0,0,0,0,4,9,8,13,13,MO,GO,GO,GO,GO,SSE,S,SSW,S,SSE,9,11,11,11,11,2,4,4,7,4
45,9,0.23070761,19,0.487049399,37,0.948464619,33,0.845927904,26,0.666488652,27,0.69212283,2016-12-14-3,2016-12-14,10,10,10,9,9,cloudy,cloudy,cloudy,cloudy,cloudy,0,3.05078125,0,0,9,9,9,7,7,85,91,94,92,94,1,1,1,1,1,1,4,7,12,14,MO,MO,GO,GO,GO,ESE,SE,S,SSE,SSE,11,11,11,13,13,4,4,4,7,7
46,8,0.210526316,15,0.394736842,43,1.131578947,32,0.842105263,53,1.394736842,33,0.868421053,2016-12-14-4,2016-12-14,12,11,11,10,9,sunny,sunny,cloudy,cloudy,cloudy,0,1.30078125,0,1.75,11,10,10,8,7,71,82,88,87,91,1,1,1,1,1,0,1,6,7,10,GO,GO,GO,GO,GO,SE,SE,S,SSE,SSE,11,11,11,16,16,7,7,7,9,7
47,12,0.325212154,17,0.460717219,33,0.894333425,36,0.975636463,35,0.94853545,31,0.840131399,2016-12-14-5,2016-12-14,12,11,11,10,9,sunny,sunny,cloudy,cloudy,cloudy,0,1.30078125,0,1.75,11,10,10,8,7,71,77,86,85,89,1,1,1,1,1,0,0,6,7,11,GO,GO,GO,VG,GO,SE,SE,SSE,SSE,SSE,11,13,11,16,16,7,7,7,7,9
48,9,0.269795609,38,1.139137017,45,1.348978047,38,1.139137017,26,0.779409538,28,0.839364118,2016-12-14-6,2016-12-14,9,9,9,8,8,sunny,cloudy,cloudy,cloudy,cloudy,0,2.05078125,0,1,8,8,8,7,6,76,82,88,88,91,0,0,0,0,0,0,1,5,11,10,GO,GO,GO,GO,GO,SE,SE,SSE,SSE,SSE,13,11,11,13,16,7,4,7,7,9
49,4,0.216157205,18,0.972707424,20,1.080786026,22,1.188864629,6,0.324235808,15,0.81058952,2016-12-14-7,2016-12-14,8,8,8,8,8,cloudy,cloudy,cloudy,cloudy,cloudy,0,3.05078125,0,0,7,7,7,6,5,84,86,89,90,91,0,0,0,0,0,1,4,5,10,10,GO,GO,GO,GO,GO,SE,SSE,SSE,SSE,SSE,11,11,11,13,13,4,4,4,7,7
50,4,0.303370787,1,0.075842697,5,0.379213483,14,1.061797753,1,0.075842697,14,1.061797753,2016-12-15-1,2016-12-15,7,8,8,8,8,sunny,cloudy,cloudy,cloudy,cloudy,0,2.05078125,0,1,6,7,7,6,6,91,87,91,92,93,0,0,0,0,0,1,10,12,10,12,MO,GO,GO,GO,GO,SSE,SE,SSE,SSE,SSE,11,13,11,11,13,4,4,4,7,7
51,24,0.853017401,14,0.497593484,12,0.4265087,27,0.959644576,11,0.390966309,27,0.959644576,2016-12-15-2,2016-12-15,7,9,8,8,8,cloudy,cloudy,cloudy,cloudy,cloudy,0,3.05078125,0,0,7,8,7,6,6,93,89,90,93,93,0,0,0,0,0,5,12,13,11,11,MO,GO,GO,GO,GO,ESE,SSE,SSE,SSE,SSE,9,11,11,11,16,2,4,4,7,9
52,16,0.410146862,15,0.384512684,37,0.948464619,36,0.922830441,14,0.358878505,26,0.666488652,2016-12-15-3,2016-12-15,8,10,9,8,9,cloudy,cloudy,cloudy,cloudy,cloudy,0,3.05078125,0,0,7,8,7,6,6,89,91,92,93,91,1,1,1,1,1,5,12,12,9,17,MO,MO,GO,GO,GO,ESE,SSE,SSE,SSE,SSE,11,13,13,13,20,4,7,7,7,11
53,13,0.342105263,20,0.526315789,22,0.578947368,36,0.947368421,13,0.342105263,39,1.026315789,2016-12-15-4,2016-12-15,10,10,10,9,10,cloudy,cloudy,cloudy,cloudy,cloudy,0,3.05078125,0,0,9,9,8,7,7,82,86,89,87,87,1,1,1,1,1,5,11,11,9,22,MO,GO,GO,GO,GO,SSE,S,SSE,SSE,S,13,16,16,16,25,7,7,7,9,13
54,10,0.271010129,14,0.37941418,14,0.37941418,35,0.94853545,19,0.514919244,32,0.867232412,2016-12-15-5,2016-12-15,10,10,10,9,10,cloudy,cloudy,cloudy,cloudy,cloudy,0,3.05078125,0,0,9,8,8,7,7,80,85,86,87,87,1,1,1,1,1,5,11,14,7,22,GO,GO,VG,VG,GO,SSE,SSE,SSE,SSE,S,13,16,13,16,22,7,7,7,7,13
55,12,0.359727479,21,0.629523089,11,0.329750189,30,0.899318698,13,0.389704769,31,0.929295988,2016-12-15-6,2016-12-15,9,9,8,8,9,cloudy,cloudy,cloudy,cloudy,rain,0,2.734375,0.31640625,0,8,8,7,6,7,86,87,91,89,88,0,0,0,0,0,7,18,12,12,52,MO,GO,GO,GO,GO,SE,SSE,SSE,SSE,S,13,13,13,13,25,7,7,7,7,13
56,5,0.270196507,11,0.594432314,7,0.378275109,21,1.134825328,6,0.324235808,21,1.134825328,2016-12-15-7,2016-12-15,9,9,8,8,9,cloudy,cloudy,cloudy,cloudy,rain,0,2.734375,0.31640625,0,8,8,6,6,7,89,89,92,90,88,0,0,0,0,0,8,12,12,13,53,GO,GO,VG,GO,GO,SE,SE,SSE,SSE,S,13,13,11,13,25,7,7,7,7,13
57,3,0.22200296,3,0.22200296,5,0.370004933,22,1.628021707,2,0.148001973,14,1.036013814,2016-12-16-0,2016-12-16,9,9,9,7,8,cloudy,cloudy,cloudy,cloudy,cloudy,0,3.05078125,0,0,8,8,8,6,6,89,89,89,93,91,0,0,0,0,0,5,8,13,11,12,MO,GO,GO,GO,GO,SE,SE,SSE,SE,SSE,13,11,11,11,11,4,4,7,7,7
58,8,0.606741573,4,0.303370787,12,0.91011236,28,2.123595506,6,0.45505618,19,1.441011236,2016-12-16-1,2016-12-16,9,9,8,8,8,cloudy,cloudy,cloudy,cloudy,cloudy,0,3.05078125,0,0,8,8,7,6,6,88,89,90,93,92,0,0,0,0,0,4,9,10,12,13,MO,GO,GO,GO,GO,ESE,ESE,SE,SE,SSE,9,9,9,11,11,4,4,4,4,7
59,27,0.959644576,20,0.710847834,21,0.746390226,32,1.137356535,14,0.497593484,23,0.817475009,2016-12-16-2,2016-12-16,9,9,8,8,8,cloudy,cloudy,cloudy,cloudy,cloudy,0,3.05078125,0,0,8,7,7,6,6,89,90,92,93,91,0,0,0,0,0,4,10,11,10,15,MO,MO,GO,GO,GO,ESE,SE,ESE,SE,SSE,9,11,9,9,11,4,4,4,4,7
60,15,0.384512684,10,0.256341789,21,0.538317757,28,0.717757009,26,0.666488652,21,0.538317757,2016-12-16-3,2016-12-16,8,8,9,8,7,cloudy,cloudy,cloudy,cloudy,cloudy,0,3.05078125,0,0,7,7,7,7,6,91,89,92,93,91,1,1,1,1,1,5,9,10,12,13,MO,MO,GO,GO,GO,ESE,ESE,SE,SE,SSE,7,9,9,9,11,4,4,4,4,4
61,21,0.552631579,15,0.394736842,14,0.368421053,32,0.842105263,6,0.157894737,24,0.631578947,2016-12-16-4,2016-12-16,9,9,10,9,8,cloudy,cloudy,cloudy,cloudy,cloudy,0,3.05078125,0,0,9,8,9,8,7,85,87,86,87,87,1,1,1,1,1,6,9,11,11,11,MO,MO,GO,GO,GO,SE,SE,SE,SSE,S,7,7,11,9,11,2,4,4,4,7
62,20,0.542020257,36,0.975636463,16,0.433616206,34,0.921434437,22,0.596222283,25,0.677525322,2016-12-16-5,2016-12-16,10,9,10,9,8,cloudy,cloudy,cloudy,cloudy,cloudy,0,3.05078125,0,0,10,9,9,9,7,82,85,87,87,87,1,1,1,1,1,5,9,7,9,12,MO,GO,GO,GO,GO,S,ESE,SE,SE,SSW,4,7,7,7,9,2,2,4,4,4
63,15,0.449659349,27,0.809386828,25,0.749432248,29,0.869341408,14,0.419682059,26,0.779409538,2016-12-16-6,2016-12-16,9,8,8,8,8,cloudy,cloudy,cloudy,cloudy,cloudy,0,3.05078125,0,0,9,8,7,8,6,83,88,90,90,90,0,0,0,0,0,5,9,7,9,13,MO,GO,GO,GO,GO,SSE,E,ESE,ESE,S,4,4,7,7,9,2,2,4,4,4
64,5,0.270196507,16,0.864628821,10,0.540393013,20,1.080786026,5,0.270196507,15,0.81058952,2016-12-16-7,2016-12-16,9,8,7,8,7,cloudy,cloudy,cloudy,cloudy,cloudy,0,3.05078125,0,0,9,7,6,7,6,86,89,92,92,92,0,0,0,0,0,4,8,7,10,10,MO,MO,GO,GO,GO,SSW,SE,SSE,S,WSW,4,4,7,7,9,2,2,4,4,4
65,1,0.074000987,13,0.962012827,23,1.702022694,21,1.55402072,10,0.740009867,18,1.33201776,2016-12-17-0,2016-12-17,7,9,7,7,7,foggy,cloudy,cloudy,cloudy,foggy,1.31640625,1.734375,0,0,7,8,7,6,7,95,87,91,94,93,0,0,0,0,0,17,8,10,8,16,PO,GO,MO,MO,PO,SW,SW,S,SSE,SSW,7,7,4,4,7,0,2,2,2,4
66,0,0,4,0.303370787,23,1.744382022,20,1.516853933,4,0.303370787,17,1.289325843,2016-12-17-1,2016-12-17,8,9,7,7,7,cloudy,cloudy,cloudy,foggy,foggy,0.73828125,2.3125,0,0,8,8,6,6,6,88,87,92,95,94,0,0,0,0,0,2,6,11,14,17,MO,GO,MO,PO,PO,WSW,WSW,NNW,S,SSW,7,7,7,4,9,2,2,2,2,4
67,17,0.604220659,13,0.462051092,118,4.194002221,27,0.959644576,11,0.390966309,21,0.746390226,2016-12-17-2,2016-12-17,8,8,7,6,7,cloudy,cloudy,cloudy,foggy,foggy,0.73828125,2.3125,0,0,8,8,6,6,6,88,87,94,96,94,0,0,0,0,0,4,5,10,14,17,MO,GO,MO,VP,PO,W,WSW,NW,W,SW,7,7,7,4,7,2,4,2,2,4
68,7,0.179439252,24,0.615220294,415,10.63818425,21,0.538317757,35,0.897196262,23,0.589586115,2016-12-17-3,2016-12-17,8,9,7,6,7,cloudy,cloudy,cloudy,foggy,foggy,0.73828125,2.3125,0,0,8,8,6,5,6,90,86,94,96,93,1,1,1,1,1,6,5,8,14,17,MO,MO,GO,VP,PO,WSW,WSW,W,W,SSW,7,7,4,7,7,2,4,2,2,4
69,11,0.289473684,59,1.552631579,595,15.65789474,58,1.526315789,44,1.157894737,19,0.5,2016-12-17-4,2016-12-17,9,9,8,7,8,cloudy,cloudy,cloudy,foggy,cloudy,0.421875,2.62890625,0,0,9,9,7,7,7,86,82,88,91,88,1,1,1,1,1,9,8,7,14,12,MO,GO,GO,PO,GO,WSW,W,W,W,SW,7,7,9,7,9,4,4,4,4,4
70,13,0.352313167,41,1.111141528,270,7.317273474,45,1.219545579,32,0.867232412,21,0.56912127,2016-12-17-5,2016-12-17,10,9,8,8,8,cloudy,cloudy,cloudy,cloudy,cloudy,0,3.05078125,0,0,9,9,8,7,7,86,82,89,88,85,1,1,1,1,1,10,5,8,9,9,MO,GO,GO,GO,VG,W,WNW,WNW,WSW,WNW,7,7,7,7,7,2,4,4,2,4
71,11,0.329750189,45,1.348978047,166,4.976230129,49,1.468887207,13,0.389704769,24,0.719454958,2016-12-17-6,2016-12-17,9,8,8,7,7,cloudy,cloudy,cloudy,foggy,cloudy,0.421875,2.62890625,0,0,9,7,7,6,6,88,87,91,92,89,0,0,0,0,0,11,9,8,14,7,MO,GO,GO,PO,VG,W,WNW,W,WSW,WNW,4,7,7,7,7,2,4,2,2,4
72,5,0.270196507,14,0.756550218,126,6.808951965,25,1.350982533,13,0.702510917,11,0.594432314,2016-12-17-7,2016-12-17,9,7,7,7,6,cloudy,cloudy,cloudy,cloudy,cloudy,0,3.05078125,0,0,9,6,6,6,5,89,90,92,94,91,0,0,0,0,0,8,9,7,6,10,MO,MO,GO,GO,GO,W,WNW,WNW,W,WNW,7,7,7,7,7,2,4,4,2,4
73,1,0.074000987,7,0.518006907,29,2.146028614,21,1.55402072,3,0.22200296,6,0.44400592,2016-12-18-0,2016-12-18,7,9,6,6,6,foggy,cloudy,cloudy,cloudy,cloudy,1,2.05078125,0,0,7,9,6,5,5,99,89,91,93,94,0,0,0,0,0,19,10,16,8,8,VP,MO,MO,GO,GO,WSW,W,WSW,W,SW,4,4,4,7,7,0,2,2,4,2
74,5,0.379213483,10,0.758426966,27,2.047752809,25,1.896067416,1,0.075842697,14,1.061797753,2016-12-18-1,2016-12-18,7,8,5,5,6,cloudy,cloudy,foggy,cloudy,foggy,0.87890625,2.171875,0,0,7,8,4,4,5,95,89,92,94,95,0,0,0,0,0,17,7,17,9,17,MO,MO,PO,MO,PO,WNW,W,W,W,SSW,4,7,7,7,7,2,2,2,4,2
75,24,0.853017401,20,0.710847834,86,3.056645687,25,0.888559793,10,0.355423917,17,0.604220659,2016-12-18-2,2016-12-18,8,8,5,5,5,cloudy,cloudy,foggy,cloudy,cloudy,0.5625,2.48828125,0,0,7,7,4,4,4,91,91,92,94,96,0,0,0,0,0,11,6,15,10,9,MO,MO,PO,MO,GO,W,WSW,W,WSW,SW,4,7,7,7,7,2,4,2,4,2
76,13,0.333244326,14,0.358878505,233,5.972763685,28,0.717757009,14,0.358878505,25,0.640854473,2016-12-18-3,2016-12-18,8,7,5,5,5,cloudy,cloudy,foggy,foggy,cloudy,0.984375,2.06640625,0,0,7,7,4,3,4,90,90,91,94,95,1,1,1,1,1,9,8,16,16,9,MO,MO,PO,PO,MO,W,WSW,WSW,WSW,S,7,7,7,9,7,2,4,2,4,4
77,16,0.421052632,28,0.736842105,126,3.315789474,29,0.763157895,13,0.342105263,32,0.842105263,2016-12-18-4,2016-12-18,8,8,6,6,6,cloudy,cloudy,cloudy,cloudy,cloudy,0,3.05078125,0,0,8,7,5,4,5,85,85,89,90,91,1,1,1,1,1,7,5,11,10,11,MO,MO,MO,GO,GO,W,WSW,W,W,SSW,7,9,9,9,9,4,4,2,4,4
78,13,0.352313167,19,0.514919244,136,3.68573775,27,0.731727347,22,0.596222283,34,0.921434437,2016-12-18-5,2016-12-18,9,8,6,7,6,cloudy,cloudy,cloudy,cloudy,cloudy,0,3.05078125,0,0,8,7,6,5,5,81,82,87,88,90,1,1,1,1,1,4,5,6,10,11,MO,GO,GO,GO,GO,W,W,W,W,SW,7,9,7,7,9,2,4,2,4,4
79,10,0.299772899,24,0.719454958,82,2.458137774,27,0.809386828,14,0.419682059,31,0.929295988,2016-12-18-6,2016-12-18,8,8,6,6,6,cloudy,cloudy,cloudy,cloudy,cloudy,0,3.05078125,0,0,7,7,5,5,5,84,84,89,90,92,0,0,0,0,0,4,5,7,11,11,MO,GO,MO,GO,GO,WSW,W,W,NNW,SE,7,7,4,7,9,2,4,2,4,4
80,8,0.43231441,15,0.81058952,48,2.593886463,19,1.026746725,9,0.486353712,12,0.648471616,2016-12-18-7,2016-12-18,7,7,6,6,6,cloudy,cloudy,cloudy,cloudy,cloudy,0,3.05078125,0,0,6,7,5,5,4,87,86,89,93,94,0,0,0,0,0,4,6,9,10,10,MO,GO,GO,GO,GO,W,W,W,W,S,4,7,4,7,9,2,2,2,4,4
81,2,0.148001973,3,0.22200296,24,1.77602368,17,1.258016774,5,0.370004933,9,0.66600888,2016-12-19-0,2016-12-19,5,6,7,5,6,cloudy,foggy,cloudy,cloudy,cloudy,0.75,2.30078125,0,0,4,6,6,4,4,20,89,89,91,94,0,0,0,0,0,9,12,13,10,9,MO,PO,GO,MO,GO,WSW,W,W,SW,SSW,9,4,7,7,7,4,2,2,2,4
82,10,0.758426966,8,0.606741573,23,1.744382022,23,1.744382022,8,0.606741573,18,1.365168539,2016-12-19-1,2016-12-19,6,6,7,5,5,cloudy,foggy,cloudy,cloudy,cloudy,0.75,2.30078125,0,0,5,5,6,4,4,88,91,90,92,94,0,0,0,0,0,8,13,13,10,11,MO,PO,GO,MO,GO,W,WNW,WNW,WSW,SSE,2,4,4,7,7,2,2,2,4,4
83,22,0.781932618,11,0.390966309,60,2.132543502,19,0.675305442,9,0.319881525,16,0.568678267,2016-12-19-2,2016-12-19,6,6,6,5,5,cloudy,cloudy,cloudy,cloudy,cloudy,0,3.05078125,0,0,5,5,6,4,3,88,91,93,90,96,0,0,0,0,0,8,5,16,10,13,MO,MO,GO,MO,GO,WNW,WNW,NW,WSW,SE,4,4,4,7,7,2,2,2,2,4
84,12,0.307610147,23,0.589586115,80,2.050734312,25,0.640854473,18,0.46141522,19,0.487049399,2016-12-19-3,2016-12-19,6,6,6,5,5,cloudy,cloudy,cloudy,cloudy,cloudy,0,3.05078125,0,0,6,5,5,4,3,87,90,95,90,94,1,1,1,1,1,9,8,15,10,14,MO,MO,MO,MO,MO,N,N,NE,NW,ENE,2,4,4,7,9,2,2,2,2,4
85,7,0.184210526,33,0.868421053,40,1.052631579,36,0.947368421,20,0.526315789,24,0.631578947,2016-12-19-4,2016-12-19,7,7,7,6,6,cloudy,cloudy,cloudy,cloudy,cloudy,0,3.05078125,0,0,6,6,6,5,4,85,87,90,87,93,1,1,1,1,1,11,9,13,10,14,MO,MO,GO,GO,MO,N,NNE,N,NNW,ENE,4,7,7,7,11,2,2,2,2,4
86,12,0.325212154,30,0.813030386,45,1.219545579,30,0.813030386,15,0.406515193,20,0.542020257,2016-12-19-5,2016-12-19,7,7,7,6,6,cloudy,cloudy,cloudy,cloudy,cloudy,0,3.05078125,0,0,6,6,6,5,5,84,87,88,85,91,1,1,1,1,1,9,10,13,9,14,MO,MO,GO,VG,GO,NNE,NNE,NNE,N,ENE,7,7,7,7,9,4,2,4,2,4
87,12,0.359727479,23,0.689477668,69,2.068433005,22,0.659500379,18,0.539591219,21,0.629523089,2016-12-19-6,2016-12-19,7,7,7,5,6,cloudy,cloudy,cloudy,cloudy,cloudy,0,3.05078125,0,0,6,6,5,4,4,86,90,89,88,91,0,0,0,0,0,8,12,14,9,14,MO,GO,GO,GO,GO,NE,NE,NNE,N,ENE,9,9,9,7,11,4,4,4,4,4
88,7,0.378275109,18,0.972707424,31,1.675218341,15,0.81058952,9,0.486353712,16,0.864628821,2016-12-19-7,2016-12-19,7,7,6,6,5,cloudy,cloudy,cloudy,cloudy,cloudy,0,3.05078125,0,0,5,5,4,5,4,90,90,90,88,92,0,0,0,0,0,12,18,14,8,13,MO,GO,GO,GO,GO,E,E,NE,NE,ENE,11,9,9,4,11,4,4,4,2,4
89,5,0.370004933,4,0.296003947,14,1.036013814,12,0.88801184,3,0.22200296,10,0.740009867,2016-12-20-0,2016-12-20,6,6,6,5,5,cloudy,cloudy,cloudy,cloudy,cloudy,0,3.05078125,0,0,4,5,5,4,4,86,79,86,93,90,0,0,0,0,0,8,5,13,17,9,MO,GO,GO,GO,GO,ESE,ESE,ESE,NE,NE,9,11,9,7,7,7,4,4,4,2
90,16,1.213483146,6,0.45505618,12,0.91011236,20,1.516853933,8,0.606741573,15,1.137640449,2016-12-20-1,2016-12-20,6,6,5,5,5,cloudy,cloudy,cloudy,cloudy,cloudy,0,3.05078125,0,0,5,4,4,4,4,76,76,83,91,91,0,0,0,0,0,8,9,11,13,10,MO,GO,GO,GO,MO,E,E,E,NE,ENE,7,9,9,9,4,4,4,4,4,2
91,24,0.853017401,13,0.462051092,14,0.497593484,22,0.781932618,18,0.639763051,23,0.817475009,2016-12-20-2,2016-12-20,5,5,4,5,4,cloudy,cloudy,cloudy,cloudy,cloudy,0,3.05078125,0,0,3,3,3,3,3,78,78,83,90,92,0,0,0,0,0,8,10,7,15,11,GO,GO,GO,GO,GO,ESE,ESE,E,ENE,NNE,13,11,11,9,4,7,4,4,4,2
92,10,0.256341789,29,0.743391188,23,0.589586115,27,0.69212283,23,0.589586115,20,0.512683578,2016-12-20-3,2016-12-20,5,5,4,5,4,cloudy,cloudy,cloudy,cloudy,foggy,0.31640625,2.734375,0,0,3,3,2,3,3,77,78,85,91,92,1,1,1,1,1,1,1,6,8,16,GO,GO,VG,GO,PO,ESE,ESE,ESE,E,NE,11,11,9,9,7,7,4,4,4,2
93,13,0.342105263,31,0.815789474,21,0.552631579,27,0.710526316,16,0.421052632,27,0.710526316,2016-12-20-4,2016-12-20,6,6,5,5,5,cloudy,cloudy,cloudy,cloudy,cloudy,0,3.05078125,0,0,4,4,4,4,4,76,75,78,84,86,1,1,1,1,1,1,2,4,9,6,GO,GO,VG,GO,GO,SE,SE,SE,E,NW,11,9,11,9,7,7,4,4,4,2
94,14,0.37941418,45,1.219545579,22,0.596222283,27,0.731727347,15,0.406515193,36,0.975636463,2016-12-20-5,2016-12-20,7,6,6,5,6,cloudy,cloudy,cloudy,cloudy,cloudy,0,3.05078125,0,0,5,5,4,4,4,75,74,77,81,88,1,1,1,1,1,4,5,3,8,7,GO,GO,VG,VG,VG,SSE,SE,SSE,ESE,ENE,11,9,7,7,9,7,4,4,4,4
95,13,0.389704769,42,1.259046177,23,0.689477668,32,0.959273278,18,0.539591219,28,0.839364118,2016-12-20-6,2016-12-20,6,5,4,4,5,cloudy,sunny,cloudy,cloudy,cloudy,0,2.30078125,0,0.75,4,4,2,3,3,81,82,85,85,91,0,0,0,0,0,4,2,2,6,11,GO,GO,VG,VG,VG,SSE,SE,SSE,SE,SE,11,9,9,7,9,7,4,4,4,4
96,5,0.270196507,26,1.405021834,5,0.270196507,26,1.405021834,11,0.594432314,21,1.134825328,2016-12-20-7,2016-12-20,5,5,3,3,4,cloudy,cloudy,cloudy,cloudy,cloudy,0,3.05078125,0,0,3,3,1,2,3,80,85,87,88,93,0,0,0,0,0,4,1,3,6,8,GO,GO,GO,GO,MO,SSW,SSE,S,SSE,SSE,16,9,9,7,9,7,4,4,4,4
97,3,0.22200296,17,1.258016774,7,0.518006907,22,1.628021707,7,0.518006907,14,1.036013814,2016-12-21-0,2016-12-21,5,6,5,3,3,sunny,cloudy,cloudy,cloudy,cloudy,0,2.05078125,0,1,2,3,3,1,1,81,80,86,86,89,0,0,0,0,0,1,5,7,6,3,GO,GO,GO,GO,GO,SSW,SSW,S,SSW,S,20,20,9,11,9,9,9,4,4,4
98,7,0.530898876,3,0.22752809,5,0.379213483,39,2.957865169,7,0.530898876,23,1.744382022,2016-12-21-1,2016-12-21,7,7,5,3,3,cloudy,cloudy,cloudy,cloudy,cloudy,0,3.05078125,0,0,4,4,2,1,1,88,85,86,87,89,0,0,0,0,0,11,7,7,6,9,MO,GO,GO,GO,GO,SSW,SSW,S,SSW,SSE,25,22,13,11,9,9,9,7,7,4
99,18,0.639763051,12,0.4265087,16,0.568678267,47,1.67049241,16,0.568678267,22,0.781932618,2016-12-21-2,2016-12-21,9,8,5,4,4,cloudy,cloudy,cloudy,cloudy,cloudy,0,3.05078125,0,0,6,5,3,1,1,88,88,85,86,89,0,0,0,0,0,19,16,9,8,10,GO,GO,GO,GO,GO,SSW,SSW,SSW,SSW,S,25,25,18,16,11,11,11,9,9,7
100,10,0.256341789,32,0.820293725,18,0.46141522,56,1.435514019,14,0.358878505,36,0.922830441,2016-12-21-3,2016-12-21,9,9,6,6,4,rain,cloudy,cloudy,cloudy,cloudy,0,2.05078125,1,0,7,6,3,3,2,92,90,83,86,88,1,1,1,1,1,57,20,11,10,14,MO,GO,GO,GO,GO,SSW,SSW,SSW,SSW,S,27,27,20,18,13,11,13,11,9,7
101,19,0.5,28,0.736842105,15,0.394736842,42,1.105263158,9,0.236842105,27,0.710526316,2016-12-21-4,2016-12-21,10,10,8,7,6,cloudy,rain,cloudy,cloudy,cloudy,0,2.30078125,0.75,0,8,8,5,5,3,81,88,84,85,85,1,1,1,1,1,14,49,20,8,16,GO,GO,GO,GO,GO,WSW,SW,SSW,SW,S,18,25,22,20,18,9,11,11,9,9
102,20,0.542020257,19,0.514919244,25,0.677525322,35,0.94853545,18,0.487818232,27,0.731727347,2016-12-21-5,2016-12-21,10,10,8,8,6,cloudy,rain,rain,cloudy,cloudy,0,1.73828125,1.3125,0,8,8,6,5,3,77,87,87,85,85,1,1,1,1,1,10,88,51,13,16,GO,MO,MO,GO,GO,SW,WSW,SW,SW,SSW,16,18,20,18,18,7,9,11,9,9
103,12,0.359727479,26,0.779409538,21,0.629523089,44,1.319000757,10,0.299772899,26,0.779409538,2016-12-21-6,2016-12-21,9,8,8,7,6,rain,rain,rain,cloudy,rain,0,0.421875,2.62890625,0,8,7,6,5,3,85,89,90,88,89,0,0,0,0,0,82,89,51,10,45,MO,GO,MO,GO,GO,SW,WNW,SSW,SSW,SSW,13,11,16,16,18,7,4,9,9,9
104,10,0.540393013,8,0.43231441,7,0.378275109,33,1.783296943,6,0.324235808,16,0.864628821,2016-12-21-7,2016-12-21,8,7,8,6,6,rain,rain,rain,cloudy,rain,0,0.421875,2.62890625,0,7,5,6,4,3,90,87,91,90,89,0,0,0,0,0,90,33,52,16,49,MO,MO,MO,GO,GO,W,NW,SW,SSW,SSW,11,9,13,16,16,4,4,7,9,9
105,3,0.22200296,4,0.296003947,14,1.036013814,32,2.368031574,6,0.44400592,19,1.406018747,2016-12-22-0,2016-12-22,9,7,6,8,7,cloudy,rain,cloudy,rain,rain,0,1.5625,1.48828125,0,7,6,4,5,4,84,91,84,92,90,0,0,0,0,0,11,82,19,53,50,MO,GO,MO,GO,GO,WNW,WSW,NW,SSW,SSW,11,9,9,16,18,9,4,4,9,9
106,3,0.22752809,9,0.68258427,14,1.061797753,33,2.502808989,3,0.22752809,24,1.820224719,2016-12-22-1,2016-12-22,8,6,5,7,7,cloudy,cloudy,cloudy,rain,rain,0,2.3125,0.73828125,0,7,5,3,5,4,88,91,89,92,91,0,0,0,0,0,1,9,15,75,73,MO,MO,MO,MO,GO,W,WNW,NW,SSW,SSW,9,9,7,18,16,2,4,2,9,9
107,14,0.497593484,28,0.995186968,243,8.636801185,44,1.563865235,29,1.03072936,54,1.919289152,2016-12-22-2,2016-12-22,5,4,4,7,7,cloudy,sunny,cloudy,rain,rain,0,1.5625,0.73828125,0.75,4,3,2,5,5,92,93,92,91,92,0,0,0,0,0,8,3,12,76,76,MO,MO,MO,MO,MO,WSW,WSW,W,SSW,SW,7,9,9,22,16,4,4,4,11,9
108,15,0.384512684,29,0.743391188,184,4.716688919,40,1.025367156,48,1.230440587,42,1.076635514,2016-12-22-3,2016-12-22,4,4,3,7,7,cloudy,sunny,sunny,rain,rain,0,1,0.73828125,1.3125,2,2,1,4,4,94,92,94,88,90,1,1,1,1,1,1,2,5,41,44,MO,MO,MO,GO,GO,WSW,SW,WSW,W,WSW,11,11,11,16,20,4,4,4,9,11
109,12,0.315789474,30,0.789473684,122,3.210526316,34,0.894736842,29,0.763157895,39,1.026315789,2016-12-22-4,2016-12-22,7,6,5,7,7,sunny,sunny,sunny,sunny,rain,0,0,0.31640625,2.734375,5,4,3,4,5,78,82,84,81,86,1,1,1,1,1,0,0,2,13,42,MO,GO,GO,VG,GO,WSW,SW,WSW,W,W,13,13,13,20,20,7,7,7,11,11
110,12,0.325212154,15,0.406515193,58,1.571858746,44,1.192444566,23,0.623323296,40,1.084040515,2016-12-22-5,2016-12-22,8,8,7,7,7,sunny,sunny,sunny,sunny,cloudy,0,0.31640625,0,2.734375,6,6,5,4,4,75,77,76,74,82,1,1,1,1,1,0,0,1,5,16,GO,GO,VG,VG,VG,SW,SW,WSW,W,W,16,16,13,20,18,7,7,7,11,9
111,4,0.11990916,21,0.629523089,36,1.079182438,36,1.079182438,22,0.659500379,34,1.019227858,2016-12-22-6,2016-12-22,7,6,5,5,5,sunny,sunny,cloudy,sunny,sunny,0,0.5625,0,2.48828125,5,4,3,2,2,84,82,83,75,84,0,0,0,0,0,0,0,1,1,9,GO,GO,VG,VG,VG,WSW,SW,WSW,W,W,16,16,11,16,16,7,7,7,9,9
112,5,0.270196507,10,0.540393013,14,0.756550218,28,1.513100437,12,0.648471616,24,1.296943231,2016-12-22-7,2016-12-22,6,6,4,4,3,sunny,cloudy,cloudy,sunny,sunny,0,1.3125,0,1.73828125,4,4,2,1,0,89,84,86,79,85,0,0,0,0,0,0,1,1,1,5,GO,GO,VG,VG,VG,WSW,SW,SW,WSW,W,13,16,11,13,13,4,7,7,7,7
113,5,0.370004933,11,0.814010853,9,0.66600888,35,2.590034534,8,0.592007893,19,1.406018747,2016-12-23-0,2016-12-23,7,5,5,4,3,cloudy,cloudy,cloudy,cloudy,cloudy,0,3.05078125,0,0,5,4,3,1,0,90,91,87,88,82,0,0,0,0,0,4,3,1,4,1,GO,GO,VG,VG,VG,WSW,SW,SW,SW,WSW,16,13,13,9,11,4,4,4,4,7
114,4,0.303370787,6,0.45505618,10,0.758426966,31,2.351123596,5,0.379213483,21,1.592696629,2016-12-23-1,2016-12-23,6,5,5,3,2,cloudy,cloudy,cloudy,cloudy,sunny,0,2.734375,0,0.31640625,5,4,3,1,0,92,92,88,89,85,0,0,0,0,0,3,0,4,4,1,GO,GO,GO,VG,VG,SW,SW,SW,SSW,SW,13,11,11,11,11,4,4,4,7,7
115,14,0.497593484,15,0.533135876,23,0.817475009,46,1.634950019,10,0.355423917,38,1.350610885,2016-12-23-2,2016-12-23,7,6,6,5,2,cloudy,cloudy,cloudy,cloudy,cloudy,0,3.05078125,0,0,5,4,4,2,0,92,92,88,87,85,0,0,0,0,0,4,4,4,4,5,MO,GO,GO,VG,VG,SSW,SSW,SSW,SSW,SSW,18,16,13,13,11,4,4,7,7,7
116,12,0.307610147,17,0.435781041,20,0.512683578,39,0.999732977,23,0.589586115,25,0.640854473,2016-12-23-3,2016-12-23,9,8,7,6,4,cloudy,cloudy,cloudy,cloudy,cloudy,0,3.05078125,0,0,6,6,4,3,1,90,87,87,85,82,1,1,1,1,1,4,4,5,6,5,GO,GO,VG,VG,VG,SSW,SSW,SSW,S,S,25,25,22,20,13,11,11,11,11,7
117,13,0.342105263,21,0.552631579,13,0.342105263,50,1.315789474,21,0.552631579,46,1.210526316,2016-12-23-4,2016-12-23,10,10,9,8,7,cloudy,cloudy,cloudy,cloudy,cloudy,0,3.05078125,0,0,7,6,5,5,4,81,79,77,81,76,1,1,1,1,1,10,8,5,7,5,GO,VG,VG,VG,VG,SSW,SSW,SSW,SSW,SSW,31,31,29,27,22,13,16,16,13,11
118,16,0.433616206,25,0.677525322,14,0.37941418,51,1.382151656,12,0.325212154,41,1.111141528,2016-12-23-5,2016-12-23,10,10,9,9,8,cloudy,cloudy,cloudy,cloudy,cloudy,0,3.05078125,0,0,7,6,5,5,4,81,81,81,82,75,1,1,1,1,1,13,14,14,20,9,GO,VG,VG,GO,VG,SSW,SSW,SSW,SSW,SSW,36,36,34,34,27,18,16,18,18,13
119,6,0.17986374,17,0.509613929,12,0.359727479,77,2.308251325,16,0.479636639,35,1.049205148,2016-12-23-6,2016-12-23,11,10,10,10,8,rain,rain,rain,rain,cloudy,0,0.31640625,2.734375,0,8,7,7,6,4,88,87,88,86,81,0,0,0,0,0,91,60,64,47,17,MO,GO,MO,GO,GO,SW,SW,SW,SW,SSW,38,38,38,36,31,18,18,20,18,16
120,9,0.486353712,15,0.81058952,5,0.270196507,27,1.459061135,8,0.43231441,17,0.918668122,2016-12-23-7,2016-12-23,10,10,10,10,9,sunny,rain,rain,rain,cloudy,0,0.31640625,1.734375,1,7,8,7,7,5,76,78,77,82,85,0,0,0,0,0,7,63,60,50,23,VG,VG,VG,VG,GO,W,W,W,WSW,SSW,25,25,29,31,34,11,11,16,16,18
121,9,0.66600888,2,0.148001973,4,0.296003947,29,2.146028614,4,0.296003947,16,1.184015787,2016-12-24-0,2016-12-24,8,7,8,7,9,sunny,sunny,cloudy,cloudy,cloudy,0,1.30078125,0,1.75,5,5,5,4,6,90,75,77,74,76,0,0,0,0,0,1,0,4,1,12,GO,VG,VG,VG,VG,WSW,WSW,WSW,WSW,WSW,18,22,20,25,29,9,9,9,13,16
122,5,0.379213483,6,0.45505618,8,0.606741573,35,2.654494382,5,0.379213483,23,1.744382022,2016-12-24-1,2016-12-24,7,6,7,6,7,sunny,cloudy,cloudy,cloudy,cloudy,0,2.05078125,0,1,4,3,4,3,4,83,77,76,73,74,0,0,0,0,0,0,0,4,1,4,GO,VG,VG,VG,VG,WSW,WSW,WSW,WSW,WSW,22,20,20,22,27,9,9,9,11,13
123,19,0.675305442,10,0.355423917,4,0.142169567,47,1.67049241,7,0.248796742,32,1.137356535,2016-12-24-2,2016-12-24,6,5,6,6,7,sunny,sunny,sunny,sunny,sunny,0,0,0,3.05078125,3,2,3,2,3,81,80,78,74,73,0,0,0,0,0,0,1,1,1,3,GO,VG,VG,VG,VG,WSW,WSW,WSW,WSW,WSW,22,22,20,25,27,9,9,9,13,13
124,16,0.410146862,19,0.487049399,13,0.333244326,50,1.281708945,13,0.333244326,32,0.820293725,2016-12-24-3,2016-12-24,6,5,6,6,6,cloudy,cloudy,cloudy,cloudy,cloudy,0,3.05078125,0,0,3,2,2,2,2,80,79,80,75,73,1,1,1,1,1,4,4,4,5,2,GO,GO,VG,VG,VG,SW,WSW,WSW,WSW,WSW,22,22,20,25,25,9,9,11,13,13
125,14,0.368421053,14,0.368421053,7,0.184210526,39,1.026315789,11,0.289473684,31,0.815789474,2016-12-24-4,2016-12-24,8,8,8,8,7,cloudy,cloudy,cloudy,cloudy,cloudy,0,3.05078125,0,0,5,5,5,4,4,73,72,74,72,69,1,1,1,1,1,4,4,5,5,4,GO,VG,VG,VG,VG,WSW,WSW,WSW,WSW,WSW,25,25,22,25,27,11,11,11,13,13
126,19,0.514919244,17,0.460717219,14,0.37941418,37,1.002737476,5,0.135505064,29,0.785929373,2016-12-24-5,2016-12-24,9,9,9,9,8,cloudy,cloudy,cloudy,cloudy,cloudy,0,3.05078125,0,0,6,6,6,5,4,71,71,73,72,68,1,1,1,1,1,4,5,5,5,7,VG,VG,VG,VG,VG,WSW,WSW,WSW,WSW,WSW,27,27,25,25,27,11,11,13,13,13
127,15,0.449659349,15,0.449659349,16,0.479636639,34,1.019227858,14,0.419682059,32,0.959273278,2016-12-24-6,2016-12-24,9,9,8,8,7,cloudy,cloudy,cloudy,cloudy,cloudy,0,3.05078125,0,0,6,6,5,5,4,77,73,76,76,73,0,0,0,0,0,4,5,6,6,7,VG,VG,VG,VG,VG,SW,SW,WSW,WSW,WSW,25,27,25,25,25,11,11,13,13,13
128,9,0.486353712,8,0.43231441,7,0.378275109,22,1.188864629,2,0.108078603,15,0.81058952,2016-12-24-7,2016-12-24,9,9,9,9,7,cloudy,cloudy,cloudy,cloudy,cloudy,0,3.05078125,0,0,6,6,6,5,4,76,72,79,78,78,0,0,0,0,0,7,7,14,8,11,VG,VG,VG,VG,GO,SW,SW,SW,SW,SW,27,27,27,27,25,11,13,13,13,13
129,8,0.592007893,8,0.592007893,2,0.148001973,21,1.55402072,0,0,17,1.258016774,2016-12-25-0,2016-12-25,10,9,9,9,9,cloudy,cloudy,cloudy,rain,cloudy,0,2.62890625,0.421875,0,7,6,6,6,6,76,77,74,81,80,0,0,0,0,0,6,7,9,48,12,GO,VG,VG,GO,VG,WSW,WSW,SW,SW,SW,29,31,31,29,31,18,13,16,16,16
130,16,1.213483146,1,0.075842697,4,0.303370787,29,2.199438202,5,0.379213483,19,1.441011236,2016-12-25-1,2016-12-25,10,9,10,11,10,cloudy,cloudy,cloudy,cloudy,cloudy,0,3.05078125,0,0,7,7,7,7,7,80,81,80,86,81,0,0,0,0,0,5,4,9,17,14,VG,VG,VG,GO,VG,WSW,WSW,WSW,WSW,SW,29,27,31,31,34,13,11,16,16,18
131,29,1.03072936,6,0.21325435,6,0.21325435,30,1.066271751,9,0.319881525,23,0.817475009,2016-12-25-2,2016-12-25,10,10,11,12,11,cloudy,cloudy,cloudy,cloudy,cloudy,0,3.05078125,0,0,8,7,8,9,8,86,85,87,89,83,0,0,0,0,0,9,9,13,15,15,GO,VG,VG,GO,GO,WSW,WSW,WSW,WSW,SW,27,27,27,31,34,11,11,13,16,18
132,14,0.358878505,6,0.153805073,6,0.153805073,38,0.974098798,9,0.23070761,25,0.640854473,2016-12-25-3,2016-12-25,11,11,12,12,12,cloudy,cloudy,cloudy,cloudy,cloudy,0,3.05078125,0,0,9,9,9,9,9,90,89,88,88,86,1,1,1,1,1,13,11,14,14,13,GO,GO,GO,GO,GO,WSW,WSW,SW,WSW,SW,27,27,29,31,34,13,13,13,16,18
133,15,0.394736842,9,0.236842105,4,0.105263158,36,0.947368421,20,0.526315789,51,1.342105263,2016-12-25-4,2016-12-25,12,13,13,13,13,cloudy,cloudy,cloudy,cloudy,cloudy,0,3.05078125,0,0,10,10,10,10,10,84,84,85,84,85,1,1,1,1,1,14,12,16,14,16,GO,GO,GO,GO,GO,WSW,WSW,WSW,WSW,WSW,29,27,31,34,34,13,13,16,18,18
134,18,0.487818232,25,0.677525322,3,0.081303039,37,1.002737476,8,0.216808103,42,1.13824254,2016-12-25-5,2016-12-25,13,13,13,13,13,cloudy,cloudy,cloudy,cloudy,cloudy,0,3.05078125,0,0,10,11,10,10,10,79,79,82,84,83,1,1,1,1,1,18,10,14,16,17,GO,GO,GO,GO,GO,WSW,WSW,WSW,WSW,WSW,29,29,31,31,34,13,13,16,16,18
135,11,0.329750189,18,0.539591219,4,0.11990916,37,1.109159727,12,0.359727479,30,0.899318698,2016-12-25-6,2016-12-25,12,12,12,12,12,cloudy,cloudy,cloudy,cloudy,rain,0,2.734375,0.31640625,0,10,10,10,9,9,82,79,84,85,82,0,0,0,0,0,13,19,19,18,42,GO,VG,GO,VG,GO,SW,SW,SW,WSW,WSW,29,29,29,29,31,13,13,16,16,16
136,11,0.594432314,5,0.270196507,1,0.054039301,21,1.134825328,4,0.216157205,21,1.134825328,2016-12-25-7,2016-12-25,12,12,12,11,11,cloudy,cloudy,cloudy,cloudy,cloudy,0,3.05078125,0,0,10,9,9,8,8,79,82,85,82,78,0,0,0,0,0,12,14,20,22,16,VG,VG,GO,VG,VG,SW,SW,WSW,WSW,WSW,29,29,31,29,29,13,13,16,16,16
137,7,0.518006907,5,0.370004933,3,0.22200296,34,2.516033547,7,0.518006907,21,1.55402072,2016-12-26-0,2016-12-26,12,12,12,11,10,cloudy,cloudy,cloudy,cloudy,cloudy,0,3.05078125,0,0,9,9,9,8,7,83,83,83,82,75,0,0,0,0,0,9,22,45,30,17,VG,VG,VG,VG,VG,WSW,SW,SW,WSW,W,27,29,31,29,27,16,13,16,16,13
138,4,0.303370787,8,0.606741573,6,0.45505618,30,2.275280899,11,0.834269663,32,2.426966292,2016-12-26-1,2016-12-26,11,10,10,10,9,cloudy,cloudy,rain,rain,cloudy,0,2.06640625,0.984375,0,9,8,7,7,6,78,74,77,78,74,0,0,0,0,0,44,52,55,48,8,VG,VG,VG,VG,VG,W,W,W,W,W,27,27,22,25,25,13,13,11,13,13
139,7,0.248796742,7,0.248796742,5,0.177711959,33,1.172898926,17,0.604220659,29,1.03072936,2016-12-26-2,2016-12-26,9,8,8,8,7,cloudy,cloudy,sunny,sunny,sunny,0,1.75,0,1.30078125,6,6,5,4,4,68,68,75,74,72,0,0,0,0,0,5,7,3,5,1,VG,VG,VG,VG,VG,W,W,W,WNW,W,25,25,22,22,22,11,11,11,11,11
140,8,0.205073431,19,0.487049399,5,0.128170895,33,0.845927904,17,0.435781041,24,0.615220294,2016-12-26-3,2016-12-26,7,7,6,6,6,sunny,sunny,sunny,sunny,sunny,0,0,0,3.05078125,4,4,3,3,3,58,66,75,74,72,1,1,1,1,1,0,0,0,0,0,VG,VG,VG,VG,VG,WNW,W,W,W,W,22,20,22,22,18,11,9,11,11,9
141,5,0.131578947,10,0.263157895,9,0.236842105,39,1.026315789,27,0.710526316,29,0.763157895,2016-12-26-4,2016-12-26,7,7,8,7,7,cloudy,cloudy,sunny,sunny,sunny,0,1.75,0,1.30078125,4,4,5,4,4,54,58,64,65,65,1,1,1,1,1,0,0,1,0,0,VG,VG,VG,VG,VG,W,W,W,W,W,22,25,25,25,22,11,11,13,11,11
142,1,0.027101013,26,0.704626335,10,0.271010129,38,1.029838489,20,0.542020257,30,0.813030386,2016-12-26-5,2016-12-26,7,8,8,7,8,sunny,sunny,sunny,sunny,sunny,0,0,0,3.05078125,5,5,5,5,5,55,57,59,61,63,1,1,1,1,1,0,0,0,0,0,VG,VG,VG,VG,VG,W,W,W,WNW,W,20,20,22,20,18,9,9,11,11,9
143,3,0.08993187,14,0.419682059,14,0.419682059,43,1.289023467,26,0.779409538,37,1.109159727,2016-12-26-6,2016-12-26,6,6,6,6,6,sunny,sunny,sunny,sunny,sunny,0,0,0,3.05078125,4,4,3,3,3,65,67,68,71,71,0,0,0,0,0,0,0,0,0,1,GO,GO,VG,VG,VG,W,W,W,W,WSW,16,16,18,16,16,7,7,9,9,9
144,3,0.162117904,9,0.486353712,7,0.378275109,22,1.188864629,10,0.540393013,21,1.134825328,2016-12-26-7,2016-12-26,5,5,5,4,5,sunny,sunny,sunny,sunny,sunny,0,0,0,3.05078125,2,2,2,2,2,72,74,75,77,78,0,0,0,0,0,0,0,0,0,1,GO,GO,VG,VG,VG,W,W,W,W,WSW,16,13,16,13,13,7,7,7,7,9
145,3,0.22200296,5,0.370004933,2,0.148001973,22,1.628021707,5,0.370004933,22,1.628021707,2016-12-27-0,2016-12-27,2,4,4,4,3,sunny,sunny,sunny,sunny,sunny,0,0,0,3.05078125,-1,1,1,1,1,82,76,78,81,82,0,0,0,0,0,0,0,0,0,0,GO,GO,VG,VG,VG,WSW,WSW,W,W,W,13,13,11,13,11,7,4,4,7,7
146,2,0.151685393,4,0.303370787,4,0.303370787,27,2.047752809,5,0.379213483,27,2.047752809,2016-12-27-1,2016-12-27,3,3,3,3,2,sunny,sunny,sunny,sunny,sunny,0,0,0,3.05078125,1,1,1,0,0,80,81,83,85,86,0,0,0,0,0,0,0,0,0,0,GO,GO,GO,VG,VG,WSW,WSW,W,W,W,13,11,9,11,9,7,4,4,7,4
147,3,0.106627175,22,0.781932618,7,0.248796742,27,0.959644576,24,0.853017401,31,1.101814143,2016-12-27-2,2016-12-27,2,2,2,2,1,sunny,sunny,sunny,sunny,sunny,0,0,0,3.05078125,1,0,0,0,-1,85,86,88,88,90,0,0,0,0,0,0,0,0,0,1,MO,MO,GO,VG,GO,WSW,W,WSW,W,WSW,7,9,7,9,7,4,4,4,4,4
148,5,0.128170895,58,1.486782377,3,0.076902537,29,0.743391188,32,0.820293725,31,0.794659546,2016-12-27-3,2016-12-27,2,1,1,2,1,sunny,sunny,sunny,sunny,sunny,0,0,0,3.05078125,0,0,-1,0,-1,88,90,92,90,92,1,1,1,1,1,0,0,0,0,2,MO,MO,GO,GO,GO,WSW,WSW,W,W,WSW,7,7,7,9,7,4,2,4,4,4
149,9,0.236842105,36,0.947368421,14,0.368421053,33,0.868421053,33,0.868421053,30,0.789473684,2016-12-27-4,2016-12-27,4,4,4,5,4,sunny,sunny,sunny,sunny,sunny,0,0,0,3.05078125,3,3,3,4,3,79,80,81,80,83,1,1,1,1,1,0,0,1,0,1,MO,MO,GO,VG,VG,WSW,WSW,WSW,W,WSW,4,4,7,9,7,2,2,2,4,4
150,5,0.135505064,41,1.111141528,70,1.897070901,37,1.002737476,23,0.623323296,27,0.731727347,2016-12-27-5,2016-12-27,6,5,5,6,6,sunny,sunny,cloudy,sunny,sunny,0,0.5625,0,2.48828125,5,4,4,5,5,75,77,80,80,81,1,1,1,1,1,0,0,1,0,1,MO,MO,GO,VG,VG,SW,WSW,W,WSW,WSW,2,4,4,4,7,2,2,2,2,2
151,9,0.269795609,22,0.659500379,16,0.479636639,36,1.079182438,9,0.269795609,34,1.019227858,2016-12-27-6,2016-12-27,4,3,4,4,4,cloudy,cloudy,sunny,sunny,sunny,0,1.75,0,1.30078125,3,2,2,3,2,86,87,89,88,90,0,0,0,0,0,3,0,1,1,1,MO,MO,GO,GO,VG,SSW,W,S,WSW,SE,4,2,4,4,7,0,2,2,2,4
152,4,0.216157205,17,0.918668122,16,0.864628821,22,1.188864629,7,0.378275109,18,0.972707424,2016-12-27-7,2016-12-27,3,2,2,3,3,cloudy,cloudy,cloudy,cloudy,sunny,0,2.734375,0,0.31640625,2,1,1,1,1,92,93,93,93,93,0,0,0,0,0,5,4,4,1,2,MO,MO,GO,MO,GO,SE,SE,SE,SW,SE,4,2,4,4,7,2,2,2,2,4
153,1,0.074000987,10,0.740009867,9,0.66600888,21,1.55402072,5,0.370004933,13,0.962012827,2016-12-28-0,2016-12-28,-1,2,1,1,1,foggy,cloudy,foggy,foggy,foggy,2.30078125,0.75,0,0,-2,1,-1,-1,-1,68,96,96,96,96,0,0,0,0,0,15,13,17,12,14,PO,MO,VP,PO,VP,E,E,ESE,ESE,ESE,4,4,4,4,4,2,2,2,4,2
154,0,0,10,0.758426966,15,1.137640449,29,2.199438202,2,0.151685393,25,1.896067416,2016-12-28-1,2016-12-28,2,2,0,1,1,cloudy,foggy,foggy,foggy,foggy,2.05078125,1,0,0,1,0,-2,-1,-1,87,95,97,95,96,0,0,0,0,0,5,15,15,14,16,MO,VP,VP,VP,VP,NE,ENE,E,ESE,ESE,7,7,7,7,7,4,2,2,4,2
155,12,0.4265087,90,3.198815254,113,4.016290263,33,1.172898926,30,1.066271751,21,0.746390226,2016-12-28-2,2016-12-28,2,2,0,1,0,cloudy,foggy,foggy,foggy,foggy,2.05078125,1,0,0,1,0,-2,-1,-2,92,96,98,95,97,0,0,0,0,0,14,16,17,14,17,MO,VP,VP,VP,VP,E,E,E,ESE,ESE,9,9,7,9,7,2,2,4,4,4
156,11,0.281975968,137,3.51188251,409,10.48437917,32,0.820293725,71,1.820026702,28,0.717757009,2016-12-28-3,2016-12-28,3,2,0,2,1,foggy,foggy,foggy,foggy,foggy,3.05078125,0,0,0,1,0,-2,-1,-1,96,98,98,94,97,1,1,1,1,1,15,16,18,15,16,VP,VP,VP,VP,VP,E,ESE,ESE,ESE,SE,9,9,7,9,7,4,4,4,4,4
157,18,0.473684211,102,2.684210526,286,7.526315789,37,0.973684211,69,1.815789474,30,0.789473684,2016-12-28-4,2016-12-28,5,3,3,4,3,cloudy,cloudy,sunny,cloudy,foggy,0.31640625,2.171875,0,0.5625,4,2,2,2,1,86,93,89,87,92,1,1,1,1,1,1,9,3,5,14,MO,MO,GO,GO,VP,ESE,SE,ESE,SE,SE,9,9,9,11,11,4,4,4,7,4
158,7,0.18970709,92,2.493293184,208,5.637010676,47,1.273747605,58,1.571858746,29,0.785929373,2016-12-28-5,2016-12-28,6,4,5,5,5,cloudy,cloudy,sunny,sunny,sunny,0,1.75,0,1.30078125,5,3,3,3,3,82,86,86,84,87,1,1,1,1,1,1,5,2,1,2,MO,GO,VG,VG,VG,ESE,ESE,SE,SE,SE,9,9,9,11,11,4,4,4,7,4
159,10,0.299772899,62,1.858591976,109,3.267524603,41,1.229068887,31,0.929295988,20,0.599545799,2016-12-28-6,2016-12-28,4,3,2,4,4,sunny,cloudy,cloudy,sunny,cloudy,0,1.62890625,0,1.421875,3,1,-1,1,1,87,91,92,90,91,0,0,0,0,0,1,5,2,3,4,MO,GO,VG,GO,GO,ESE,ESE,SE,SE,SE,11,11,11,11,11,4,4,7,7,7
160,4,0.216157205,39,2.107532751,54,2.918122271,23,1.24290393,18,0.972707424,15,0.81058952,2016-12-28-7,2016-12-28,3,2,2,3,3,sunny,cloudy,sunny,sunny,cloudy,0,1.06640625,0,1.984375,2,0,-1,1,0,91,93,93,90,93,0,0,0,0,0,1,9,5,4,11,MO,GO,GO,GO,GO,ESE,SE,SE,SE,SE,11,9,11,11,11,4,4,7,7,7
161,6,0.44400592,31,2.294030587,31,2.294030587,34,2.516033547,11,0.814010853,18,1.33201776,2016-12-29-0,2016-12-29,2,3,2,1,2,sunny,sunny,cloudy,cloudy,cloudy,0,1.30078125,0,1.75,1,1,0,-1,0,99,93,95,94,92,0,0,0,0,0,2,1,10,7,7,MO,GO,GO,GO,GO,E,ESE,SE,SE,SSE,13,11,9,11,9,2,4,4,7,7
162,3,0.22752809,9,0.68258427,23,1.744382022,34,2.578651685,12,0.91011236,21,1.592696629,2016-12-29-1,2016-12-29,2,3,2,2,2,sunny,sunny,cloudy,cloudy,sunny,0,0.984375,0,2.06640625,0,1,0,-1,0,98,95,94,94,95,0,0,0,0,0,2,1,9,4,5,MO,MO,GO,GO,GO,E,ESE,SE,SSE,SSE,9,9,9,9,9,4,4,4,4,4
163,8,0.284339134,95,3.376527212,42,1.492780452,46,1.634950019,34,1.208441318,23,0.817475009,2016-12-29-2,2016-12-29,1,2,2,1,2,foggy,cloudy,cloudy,cloudy,cloudy,1,2.05078125,0,0,-1,0,-1,-1,0,99,97,94,95,96,0,0,0,0,0,18,5,6,6,8,VP,MO,GO,GO,GO,E,SE,SE,SSE,S,9,9,9,9,9,4,4,4,4,4
164,7,0.179439252,180,4.614152203,90,2.307076101,45,1.153538051,77,1.973831776,25,0.640854473,2016-12-29-3,2016-12-29,1,2,2,2,2,foggy,cloudy,cloudy,cloudy,cloudy,1,2.05078125,0,0,-1,0,-1,0,0,99,98,93,94,96,1,1,1,1,1,17,16,4,9,8,VP,MO,GO,GO,MO,E,SSE,SSE,S,SSW,9,7,9,7,9,4,4,4,4,4
165,8,0.210526316,168,4.421052632,59,1.552631579,41,1.078947368,59,1.552631579,33,0.868421053,2016-12-29-4,2016-12-29,3,4,4,4,5,cloudy,cloudy,cloudy,cloudy,cloudy,0,3.05078125,0,0,2,3,3,3,3,93,91,87,89,91,1,1,1,1,1,6,6,6,5,8,MO,MO,GO,GO,GO,SE,S,SSE,S,SSW,7,7,9,9,9,2,4,4,4,4
166,2,0.054202026,126,3.414727621,51,1.382151656,46,1.246646592,43,1.165343553,28,0.75882836,2016-12-29-5,2016-12-29,4,5,4,5,5,sunny,cloudy,cloudy,cloudy,cloudy,0,2.05078125,0,1,3,4,3,4,4,89,87,88,88,90,1,1,1,1,1,2,2,5,6,4,MO,GO,VG,GO,GO,SE,SSW,S,SSW,S,4,7,9,7,7,2,4,4,4,4
167,7,0.20984103,68,2.038455715,49,1.468887207,38,1.139137017,48,1.438909917,30,0.899318698,2016-12-29-6,2016-12-29,3,4,2,3,5,cloudy,cloudy,cloudy,cloudy,cloudy,0,3.05078125,0,0,2,2,0,1,3,93,91,94,93,94,0,0,0,0,0,7,7,9,8,10,MO,GO,GO,GO,MO,SSE,SSW,S,SSW,SSW,4,7,7,7,7,2,4,4,4,4
168,9,0.486353712,41,2.215611354,38,2.05349345,27,1.459061135,6,0.324235808,17,0.918668122,2016-12-29-7,2016-12-29,2,3,2,3,4,foggy,cloudy,cloudy,cloudy,foggy,1.31640625,1.734375,0,0,0,1,-1,1,3,95,93,95,94,95,0,0,0,0,0,16,10,7,12,16,PO,MO,GO,MO,PO,SW,WSW,SW,SW,SW,7,7,7,7,7,4,4,4,4,4
169,2,0.148001973,30,2.2200296,71,5.254070054,36,2.66403552,11,0.814010853,27,1.99802664,2016-12-30-0,2016-12-30,1,2,3,1,2,foggy,foggy,cloudy,foggy,cloudy,2.171875,0.87890625,0,0,-1,0,2,0,1,98,98,93,97,95,0,0,0,0,0,20,17,13,17,14,PO,VP,MO,PO,MO,W,SW,WSW,SW,WSW,9,7,7,7,7,2,2,2,4,2
170,0,0,14,1.061797753,41,3.109550562,31,2.351123596,5,0.379213483,26,1.971910112,2016-12-30-1,2016-12-30,1,3,3,2,3,foggy,foggy,cloudy,foggy,foggy,2.48828125,0.5625,0,0,0,1,2,0,1,99,96,94,96,95,0,0,0,0,0,20,17,18,19,18,VP,PO,MO,VP,VP,SSW,W,WSW,WSW,SW,7,7,7,7,7,2,2,4,2,2
171,6,0.21325435,52,1.848204369,250,8.885597927,34,1.208441318,19,0.675305442,26,0.924102184,2016-12-30-2,2016-12-30,2,3,4,2,3,cloudy,foggy,cloudy,foggy,foggy,1.48828125,1.5625,0,0,1,2,2,0,1,94,96,93,96,95,0,0,0,0,0,12,17,17,20,19,MO,PO,MO,VP,VP,SW,WSW,SW,WSW,SW,7,4,9,7,7,2,2,4,2,2
172,7,0.179439252,71,1.820026702,416,10.66381842,46,1.17917223,41,1.051001335,30,0.769025367,2016-12-30-3,2016-12-30,2,3,3,2,3,foggy,cloudy,foggy,foggy,foggy,2.30078125,0.75,0,0,1,2,2,1,2,96,94,94,96,95,1,1,1,1,1,17,12,15,20,17,PO,MO,PO,VP,PO,SW,SSW,SW,SW,SW,7,7,9,7,7,4,4,4,4,4
173,11,0.289473684,109,2.868421053,480,12.63157895,34,0.894736842,54,1.421052632,32,0.842105263,2016-12-30-4,2016-12-30,3,4,5,4,4,cloudy,cloudy,foggy,cloudy,foggy,0.87890625,2.171875,0,0,1,3,3,2,3,94,88,92,93,93,1,1,1,1,1,16,7,16,13,17,MO,MO,PO,GO,PO,WSW,SSW,SW,WSW,SW,9,9,11,11,9,4,4,4,4,4
174,11,0.298111142,112,3.035313441,574,15.55598139,44,1.192444566,51,1.382151656,33,0.894333425,2016-12-30-5,2016-12-30,4,5,6,5,5,cloudy,cloudy,cloudy,cloudy,cloudy,0,3.05078125,0,0,3,4,4,3,3,90,86,92,92,93,1,1,1,1,1,9,5,10,12,12,MO,GO,GO,GO,MO,WSW,SW,SW,WSW,SW,7,9,11,9,9,4,4,4,4,4
175,12,0.359727479,83,2.488115064,432,12.95018925,39,1.169114307,31,0.929295988,28,0.839364118,2016-12-30-6,2016-12-30,5,5,6,5,5,cloudy,cloudy,cloudy,cloudy,foggy,0.31640625,2.734375,0,0,3,4,4,3,3,93,89,93,93,94,0,0,0,0,0,12,9,11,12,16,MO,GO,GO,GO,PO,WSW,SW,SW,SW,SW,11,9,11,9,9,4,4,7,4,4
176,6,0.324235808,29,1.567139738,160,8.64628821,26,1.405021834,22,1.188864629,16,0.864628821,2016-12-30-7,2016-12-30,5,5,7,4,4,cloudy,cloudy,rain,cloudy,foggy,0.31640625,2.171875,0.5625,0,4,3,5,3,3,92,91,94,94,94,0,0,0,0,0,11,9,40,13,19,MO,GO,GO,GO,VP,SW,SW,SW,SW,SW,11,11,11,9,9,4,4,7,4,4
177,7,0.518006907,23,1.702022694,69,5.106068081,40,2.960039467,22,1.628021707,20,1.480019734,2016-12-31-0,2016-12-31,4,5,5,7,5,foggy,cloudy,cloudy,cloudy,cloudy,1,2.05078125,0,0,2,4,4,5,3,83,92,90,95,94,0,0,0,0,0,17,10,9,12,13,PO,MO,GO,GO,GO,WSW,WSW,SW,SW,SW,11,13,11,11,11,4,4,4,7,4
178,9,0.68258427,8,0.606741573,18,1.365168539,34,2.578651685,4,0.303370787,25,1.896067416,2016-12-31-1,2016-12-31,4,6,6,7,5,cloudy,cloudy,cloudy,cloudy,cloudy,0,3.05078125,0,0,3,4,4,5,3,95,94,90,94,95,0,0,0,0,0,18,11,11,11,12,MO,MO,GO,GO,GO,WSW,SW,SW,SW,SW,11,11,11,13,11,4,4,4,7,4
179,25,0.888559793,21,0.746390226,96,3.412069604,42,1.492780452,14,0.497593484,28,0.995186968,2016-12-31-2,2016-12-31,5,6,6,7,5,cloudy,cloudy,cloudy,cloudy,cloudy,0,3.05078125,0,0,4,5,5,5,3,94,92,91,94,95,0,0,0,0,0,11,11,12,11,15,MO,MO,GO,GO,GO,WSW,SW,SW,SW,SW,11,11,11,13,11,4,4,4,7,7
180,15,0.384512684,31,0.794659546,213,5.460080107,38,0.974098798,14,0.358878505,32,0.820293725,2016-12-31-3,2016-12-31,6,7,7,7,5,cloudy,cloudy,cloudy,cloudy,cloudy,0,3.05078125,0,0,4,5,5,5,3,93,92,93,94,93,1,1,1,1,1,12,11,11,11,10,MO,MO,GO,GO,GO,WSW,SW,SW,SW,SW,13,13,11,13,11,4,4,7,7,7
181,20,0.526315789,20,0.526315789,137,3.605263158,51,1.342105263,17,0.447368421,29,0.763157895,2016-12-31-4,2016-12-31,7,8,8,8,6,cloudy,cloudy,cloudy,cloudy,cloudy,0,3.05078125,0,0,6,6,5,6,4,90,87,90,90,92,1,1,1,1,1,11,10,10,12,10,MO,MO,GO,GO,GO,WSW,SW,SW,WSW,SW,13,13,13,18,16,4,7,7,9,7
182,16,0.433616206,26,0.704626335,73,1.978373939,44,1.192444566,17,0.460717219,29,0.785929373,2016-12-31-5,2016-12-31,8,8,8,9,7,cloudy,cloudy,cloudy,cloudy,cloudy,0,3.05078125,0,0,6,6,6,6,5,88,86,89,88,90,1,1,1,1,1,10,11,11,11,12,MO,GO,GO,GO,GO,SW,SW,SW,WSW,SW,13,16,16,18,16,4,7,7,9,7
183,11,0.329750189,25,0.749432248,49,1.468887207,42,1.259046177,15,0.449659349,31,0.929295988,2016-12-31-6,2016-12-31,8,8,7,8,7,cloudy,cloudy,cloudy,cloudy,cloudy,0,3.05078125,0,0,6,5,5,6,4,90,89,90,89,92,0,0,0,0,0,11,17,13,10,12,MO,GO,GO,GO,GO,SW,SW,SW,SW,SW,16,16,16,18,16,7,7,9,9,9
184,8,0.43231441,24,1.296943231,31,1.675218341,24,1.296943231,5,0.270196507,15,0.81058952,2016-12-31-7,2016-12-31,7,7,7,8,7,cloudy,cloudy,cloudy,cloudy,cloudy,0,3.05078125,0,0,5,5,4,5,4,91,88,91,90,93,0,0,0,0,0,46,12,11,10,13,MO,GO,GO,GO,GO,SW,SW,SW,SW,SW,16,18,16,18,16,7,9,9,9,9
185,4,0.296003947,14,1.036013814,8,0.592007893,28,2.072027627,2,0.148001973,14,1.036013814,2017-01-01-0,2017-01-01,7,7,7,7,8,cloudy,cloudy,cloudy,cloudy,cloudy,0,3.05078125,0,0,4,4,4,4,5,87,90,86,91,89,0,0,0,0,0,14,16,14,12,11,MO,MO,GO,GO,GO,SW,SW,SW,SW,SW,20,20,18,18,20,11,9,9,9,9
186,5,0.379213483,5,0.379213483,5,0.379213483,44,3.337078652,6,0.45505618,25,1.896067416,2017-01-01-1,2017-01-01,6,7,7,7,8,cloudy,cloudy,cloudy,cloudy,cloudy,0,3.05078125,0,0,4,4,5,4,5,89,86,85,91,88,0,0,0,0,0,10,13,12,13,13,MO,GO,GO,GO,VG,SSW,SSW,SW,SW,SW,20,18,18,18,20,9,9,9,9,11
187,6,0.21325435,10,0.355423917,10,0.355423917,67,2.381340244,15,0.533135876,25,0.888559793,2017-01-01-2,2017-01-01,7,7,7,7,8,cloudy,cloudy,cloudy,cloudy,cloudy,0,3.05078125,0,0,4,5,5,4,5,85,85,87,90,88,0,0,0,0,0,10,12,16,14,18,MO,GO,GO,GO,GO,SSW,SSW,SW,SW,SW,20,16,18,18,18,9,7,9,9,9
188,8,0.205073431,18,0.46141522,21,0.538317757,55,1.40987984,8,0.205073431,23,0.589586115,2017-01-01-3,2017-01-01,7,7,8,7,7,cloudy,cloudy,rain,cloudy,cloudy,0,2.48828125,0.5625,0,5,5,5,5,5,86,87,89,89,89,1,1,1,1,1,14,22,55,14,24,MO,MO,MO,GO,GO,SSW,SW,WSW,WSW,WSW,18,13,18,18,18,7,7,9,9,9
189,10,0.263157895,29,0.763157895,14,0.368421053,153,4.026315789,44,1.157894737,33,0.868421053,2017-01-01-4,2017-01-01,8,8,6,7,8,rain,rain,rain,rain,cloudy,0,0.31640625,2.734375,0,6,6,4,5,5,91,87,89,88,86,1,1,1,1,1,65,75,79,44,21,MO,MO,MO,MO,GO,SSW,WSW,NW,W,W,16,13,18,18,20,7,7,9,9,11
190,7,0.18970709,33,0.894333425,15,0.406515193,128,3.468929647,19,0.514919244,31,0.840131399,2017-01-01-5,2017-01-01,6,7,6,7,8,rain,rain,rain,rain,rain,0,0,3.05078125,0,3,4,3,4,5,90,90,88,88,86,1,1,1,1,1,96,84,51,50,67,MO,PO,GO,MO,GO,NE,NNW,NNW,WNW,W,22,18,16,18,20,11,9,9,9,11
191,2,0.05995458,24,0.719454958,20,0.599545799,89,2.667978804,17,0.509613929,30,0.899318698,2017-01-01-6,2017-01-01,5,5,5,6,7,rain,rain,rain,rain,rain,0,0,3.05078125,0,1,2,2,3,4,90,89,88,89,88,0,0,0,0,0,95,90,51,49,74,MO,MO,MO,GO,GO,NNE,NNE,N,NW,WNW,27,25,18,18,18,13,11,9,9,9
192,4,0.216157205,21,1.134825328,10,0.540393013,43,2.323689956,10,0.540393013,20,1.080786026,2017-01-01-7,2017-01-01,5,5,5,5,6,rain,rain,rain,cloudy,rain,0,0.421875,2.62890625,0,1,1,1,2,2,86,85,85,88,89,0,0,0,0,0,86,85,52,24,76,GO,GO,GO,GO,GO,NE,NNE,N,NW,NNW,25,25,22,18,20,11,11,11,9,11
193,9,0.66600888,10,0.740009867,23,1.702022694,34,2.516033547,9,0.66600888,22,1.628021707,2017-01-02-0,2017-01-02,5,5,5,4,5,cloudy,cloudy,cloudy,cloudy,cloudy,0,3.05078125,0,0,2,2,2,0,2,88,83,83,80,88,0,0,0,0,0,9,14,44,14,17,VG,VG,VG,VG,GO,NNE,NNE,NNE,NNE,NW,20,20,20,22,16,7,9,9,11,9
194,7,0.530898876,5,0.379213483,15,1.137640449,31,2.351123596,6,0.45505618,23,1.744382022,2017-01-02-1,2017-01-02,4,5,4,3,4,cloudy,cloudy,cloudy,sunny,cloudy,0,2.62890625,0,0.421875,1,1,1,-1,1,85,82,76,79,87,0,0,0,0,0,4,2,8,7,17,GO,VG,VG,VG,GO,NNE,NNE,NNE,N,NNW,20,22,22,20,18,9,9,11,11,9
195,6,0.21325435,13,0.462051092,11,0.390966309,37,1.315068493,21,0.746390226,23,0.817475009,2017-01-02-2,2017-01-02,3,4,3,2,4,sunny,sunny,sunny,sunny,cloudy,0,0.31640625,0,2.734375,0,0,-1,-2,0,87,77,76,81,86,0,0,0,0,0,0,0,2,5,17,GO,VG,VG,VG,GO,N,NNE,NNE,N,N,20,20,18,20,20,9,9,9,9,9
196,5,0.128170895,50,1.281708945,14,0.358878505,42,1.076635514,17,0.435781041,24,0.615220294,2017-01-02-3,2017-01-02,3,2,2,1,3,sunny,sunny,sunny,sunny,sunny,0,0,0,3.05078125,0,-1,-2,-3,0,83,82,81,83,84,1,1,1,1,1,0,0,0,2,12,GO,GO,VG,VG,VG,N,N,N,N,N,16,18,16,18,18,7,7,9,9,9
197,8,0.210526316,48,1.263157895,4,0.105263158,40,1.052631579,42,1.105263158,27,0.710526316,2017-01-02-4,2017-01-02,4,4,4,3,4,sunny,sunny,sunny,sunny,sunny,0,0,0,3.05078125,1,0,0,-1,1,77,78,77,76,77,1,1,1,1,1,0,0,0,2,9,GO,GO,VG,VG,VG,N,N,N,N,N,18,18,18,20,20,9,9,9,11,11
198,8,0.216808103,51,1.382151656,25,0.677525322,40,1.084040515,31,0.840131399,25,0.677525322,2017-01-02-5,2017-01-02,4,4,4,4,4,sunny,sunny,sunny,sunny,sunny,0,0,0,3.05078125,1,1,1,0,1,75,74,72,72,73,1,1,1,1,1,1,1,0,0,7,GO,GO,VG,VG,VG,NNW,NNW,NNW,NNW,N,13,13,13,18,18,7,7,7,9,9
199,6,0.17986374,54,1.618773656,31,0.929295988,36,1.079182438,28,0.839364118,31,0.929295988,2017-01-02-6,2017-01-02,3,2,2,2,3,sunny,sunny,sunny,sunny,sunny,0,0,0,3.05078125,0,0,-1,-2,-1,79,77,80,79,79,0,0,0,0,0,1,1,0,0,5,GO,GO,VG,VG,VG,NW,NNW,NW,NNW,NNW,11,11,11,16,16,4,7,7,7,9
200,5,0.270196507,46,2.48580786,26,1.405021834,27,1.459061135,18,0.972707424,23,1.24290393,2017-01-02-7,2017-01-02,1,1,0,0,2,sunny,sunny,sunny,sunny,sunny,0,0,0,3.05078125,-1,-1,-2,-3,-2,81,82,83,83,83,0,0,0,0,0,0,0,0,1,3,GO,GO,VG,VG,VG,WNW,NW,NW,NW,NNW,9,11,9,13,16,4,4,4,7,9
201,3,0.22200296,2,0.148001973,8,0.592007893,27,1.99802664,6,0.44400592,15,1.1100148,2017-01-03-0,2017-01-03,-1,0,0,-1,0,sunny,sunny,sunny,sunny,sunny,0,0,0,3.05078125,-4,-2,-2,-3,-4,94,82,82,86,85,0,0,0,0,0,0,0,0,0,1,MO,GO,GO,VG,VG,WSW,W,WNW,WNW,NW,11,11,9,9,13,4,4,4,4,7
202,3,0.22752809,9,0.68258427,12,0.91011236,35,2.654494382,4,0.303370787,22,1.668539326,2017-01-03-1,2017-01-03,0,0,-1,-1,-1,sunny,sunny,sunny,sunny,sunny,0,0,0,3.05078125,-2,-3,-3,-4,-4,87,88,87,90,88,0,0,0,0,0,0,0,0,0,0,MO,GO,GO,VG,VG,WSW,W,W,W,NW,11,11,9,9,11,4,4,4,4,7
203,14,0.497593484,121,4.300629397,10,0.355423917,39,1.386153277,29,1.03072936,28,0.995186968,2017-01-03-2,2017-01-03,0,0,-1,-1,-1,sunny,sunny,sunny,sunny,sunny,0,0,0,3.05078125,-3,-3,-4,-4,-4,93,93,91,91,89,0,0,0,0,0,2,1,1,2,0,MO,MO,GO,GO,VG,WSW,W,W,W,WNW,16,13,9,11,11,7,4,4,7,7
204,8,0.205073431,96,2.460881175,18,0.46141522,44,1.127903872,28,0.717757009,23,0.589586115,2017-01-03-3,2017-01-03,1,1,-1,0,0,cloudy,cloudy,sunny,sunny,sunny,0,1.75,0,1.30078125,-2,-2,-4,-4,-4,89,93,91,89,89,1,1,1,1,1,3,9,1,2,1,MO,MO,GO,GO,VG,WSW,WSW,W,W,WNW,16,13,11,11,11,7,7,7,7,7
205,17,0.447368421,61,1.605263158,22,0.578947368,51,1.342105263,24,0.631578947,35,0.921052632,2017-01-03-4,2017-01-03,4,4,3,3,2,cloudy,cloudy,sunny,cloudy,sunny,0,2.171875,0,0.87890625,1,1,0,0,-1,78,82,82,80,80,1,1,1,1,1,5,5,1,1,2,MO,GO,VG,VG,VG,W,W,W,W,WNW,16,16,13,16,13,7,7,7,7,7
206,18,0.487818232,65,1.761565836,21,0.56912127,45,1.219545579,11,0.298111142,47,1.273747605,2017-01-03-5,2017-01-03,5,5,4,5,4,cloudy,cloudy,cloudy,cloudy,sunny,0,2.734375,0,0.31640625,2,2,2,2,1,77,77,80,79,78,1,1,1,1,1,9,8,2,2,1,GO,GO,VG,VG,VG,W,W,W,W,WNW,20,18,16,18,13,9,9,7,9,7
207,16,0.479636639,60,1.798637396,29,0.869341408,53,1.588796366,20,0.599545799,24,0.719454958,2017-01-03-6,2017-01-03,5,5,3,3,3,cloudy,cloudy,cloudy,cloudy,sunny,0,2.734375,0,0.31640625,2,1,0,0,0,80,80,85,84,84,0,0,0,0,0,11,9,2,2,1,GO,VG,VG,VG,VG,W,W,W,W,WNW,20,20,18,18,13,9,9,9,9,7
208,16,0.864628821,21,1.134825328,14,0.756550218,23,1.24290393,5,0.270196507,18,0.972707424,2017-01-03-7,2017-01-03,5,5,3,3,2,cloudy,cloudy,cloudy,cloudy,sunny,0,2.734375,0,0.31640625,1,1,0,0,-1,80,82,87,85,88,0,0,0,0,0,9,9,8,2,1,VG,VG,VG,VG,VG,W,W,W,W,W,22,22,18,18,11,9,11,9,9,7
209,6,0.44400592,17,1.258016774,21,1.55402072,38,2.812037494,7,0.518006907,20,1.480019734,2017-01-04-0,2017-01-04,4,5,5,4,3,cloudy,cloudy,cloudy,cloudy,cloudy,0,3.05078125,0,0,0,2,1,0,0,82,82,82,87,86,0,0,0,0,0,7,9,8,9,2,VG,VG,VG,VG,VG,WSW,W,W,W,W,18,20,22,20,18,9,9,11,11,9
210,15,1.137640449,5,0.379213483,15,1.137640449,33,2.502808989,6,0.45505618,24,1.820224719,2017-01-04-1,2017-01-04,5,5,5,4,3,cloudy,cloudy,cloudy,cloudy,cloudy,0,3.05078125,0,0,1,2,2,1,0,83,82,83,87,86,0,0,0,0,0,9,9,6,8,5,VG,VG,VG,VG,VG,W,W,W,W,W,20,20,22,20,18,9,9,11,11,9
211,37,1.315068493,32,1.137356535,8,0.284339134,46,1.634950019,19,0.675305442,34,1.208441318,2017-01-04-2,2017-01-04,6,6,6,5,4,cloudy,cloudy,cloudy,cloudy,cloudy,0,3.05078125,0,0,2,3,2,1,1,85,82,85,87,86,0,0,0,0,0,13,6,9,12,8,GO,VG,VG,VG,VG,W,WNW,WNW,WNW,W,22,22,20,20,16,11,11,9,11,9
212,12,0.307610147,39,0.999732977,18,0.46141522,55,1.40987984,18,0.46141522,35,0.897196262,2017-01-04-3,2017-01-04,6,6,6,6,4,cloudy,cloudy,cloudy,cloudy,cloudy,0,3.05078125,0,0,4,4,3,2,1,88,85,86,85,86,1,1,1,1,1,15,17,11,9,6,GO,GO,GO,VG,GO,WNW,WNW,WNW,WNW,WNW,20,20,18,18,13,9,9,9,9,7
213,16,0.421052632,32,0.842105263,13,0.342105263,35,0.921052632,10,0.263157895,32,0.842105263,2017-01-04-4,2017-01-04,7,7,7,6,5,rain,cloudy,sunny,cloudy,cloudy,0,1.48828125,1,0.5625,4,5,4,4,3,73,72,74,76,82,1,1,1,1,1,55,9,5,5,6,GO,GO,VG,VG,VG,N,NNW,NNW,NW,WNW,18,18,18,18,16,9,9,9,9,7
214,10,0.271010129,34,0.921434437,19,0.514919244,32,0.867232412,23,0.623323296,32,0.867232412,2017-01-04-5,2017-01-04,6,6,6,6,6,sunny,sunny,sunny,sunny,cloudy,0,0.31640625,0,2.734375,3,3,3,4,4,56,58,64,68,80,1,1,1,1,1,2,1,2,2,6,VG,VG,VG,VG,VG,NNW,N,NNW,NNW,WNW,20,20,18,18,11,9,9,9,9,7
215,12,0.359727479,50,1.498864497,17,0.509613929,30,0.899318698,29,0.869341408,27,0.809386828,2017-01-04-6,2017-01-04,4,4,4,4,5,sunny,sunny,sunny,sunny,cloudy,0,0.31640625,0,2.734375,1,1,1,1,3,65,66,71,74,84,0,0,0,0,0,0,0,1,0,8,GO,VG,VG,VG,VG,NNW,NNW,NNW,NNW,WNW,18,16,13,13,9,7,7,7,7,4
216,3,0.162117904,36,1.945414847,10,0.540393013,29,1.567139738,8,0.43231441,21,1.134825328,2017-01-04-7,2017-01-04,3,2,2,2,4,sunny,sunny,sunny,sunny,cloudy,0,0.31640625,0,2.734375,0,-1,-1,-1,2,71,72,77,79,86,0,0,0,0,0,0,0,1,1,3,VG,VG,VG,VG,VG,NNW,NNW,NNW,NNW,WNW,16,16,13,13,7,7,7,7,7,4
217,0,0,16,1.184015787,18,1.33201776,29,2.146028614,7,0.518006907,29,2.146028614,2017-01-05-0,2017-01-05,2,2,2,1,1,sunny,sunny,sunny,sunny,sunny,0,0,0,3.05078125,-1,-2,-1,-2,-2,73,75,77,80,82,0,0,0,0,0,0,0,1,1,1,GO,VG,VG,VG,VG,NNW,NNW,NNW,NNW,NW,22,16,16,13,11,7,7,7,7,7
218,1,0.075842697,12,0.91011236,5,0.379213483,24,1.820224719,5,0.379213483,27,2.047752809,2017-01-05-1,2017-01-05,2,1,1,0,1,sunny,sunny,sunny,sunny,sunny,0,0,0,3.05078125,0,-2,-2,-3,-3,75,78,81,84,85,0,0,0,0,0,0,0,1,1,1,GO,GO,VG,VG,VG,NNW,NNW,NNW,NNW,NW,16,13,11,11,11,4,4,4,7,7
219,11,0.390966309,106,3.767493521,11,0.390966309,35,1.24398371,36,1.279526101,30,1.066271751,2017-01-05-2,2017-01-05,1,0,0,-1,0,sunny,sunny,sunny,sunny,sunny,0,0,0,3.05078125,-1,-2,-3,-3,-3,84,82,86,86,87,0,0,0,0,0,0,0,0,0,1,GO,GO,GO,VG,VG,NNW,NNW,NW,NNW,NW,11,11,7,9,9,2,4,4,4,4
220,4,0.102536716,158,4.050200267,18,0.46141522,33,0.845927904,43,1.102269693,31,0.794659546,2017-01-05-3,2017-01-05,0,0,0,0,0,sunny,sunny,sunny,sunny,sunny,0,0,0,3.05078125,-2,-2,-2,-3,-2,91,87,90,89,89,1,1,1,1,1,1,0,1,0,1,MO,MO,GO,GO,VG,W,NW,WNW,NW,NW,7,7,7,7,9,2,2,2,4,4
221,8,0.210526316,94,2.473684211,11,0.289473684,40,1.052631579,51,1.342105263,29,0.763157895,2017-01-05-4,2017-01-05,3,2,2,3,3,sunny,sunny,sunny,sunny,sunny,0,0,0,3.05078125,1,1,1,1,1,79,79,80,80,80,1,1,1,1,1,0,0,1,0,0,MO,MO,GO,VG,VG,NNW,NW,NW,NW,W,4,4,7,9,9,2,2,2,2,4
222,5,0.135505064,161,4.363263071,20,0.542020257,38,1.029838489,43,1.165343553,28,0.75882836,2017-01-05-5,2017-01-05,4,4,4,4,4,sunny,sunny,sunny,sunny,sunny,0,0,0,3.05078125,3,3,3,2,2,78,77,78,78,76,1,1,1,1,1,0,0,0,0,1,MO,MO,VG,VG,VG,N,NW,NW,W,W,2,4,4,7,9,2,2,2,4,4
223,6,0.17986374,125,3.747161241,26,0.779409538,33,0.989250568,33,0.989250568,29,0.869341408,2017-01-05-6,2017-01-05,2,2,1,2,3,sunny,sunny,cloudy,sunny,sunny,0,0.5625,0,2.48828125,1,1,0,1,0,88,87,88,85,84,0,0,0,0,0,1,0,1,1,2,MO,MO,GO,VG,VG,W,NNW,WSW,SW,W,4,4,4,7,9,2,2,2,4,4
224,3,0.162117904,37,1.999454148,12,0.648471616,26,1.405021834,15,0.81058952,22,1.188864629,2017-01-05-7,2017-01-05,1,1,0,1,2,cloudy,cloudy,cloudy,cloudy,sunny,0,2.734375,0,0.31640625,-1,-1,-2,-1,-1,94,92,92,89,87,0,0,0,0,0,7,5,4,4,2,MO,MO,GO,GO,VG,SE,SE,SSW,SW,WSW,4,4,7,7,9,2,2,4,4,4
225,0,0,7,0.518006907,6,0.44400592,24,1.77602368,8,0.592007893,11,0.814010853,2017-01-06-0,2017-01-06,0,0,1,0,1,cloudy,cloudy,cloudy,cloudy,cloudy,0,3.05078125,0,0,-2,-1,-1,-2,-2,97,96,93,92,90,0,0,0,0,0,3,7,5,5,6,MO,MO,MO,GO,MO,WSW,SW,SSE,SSW,SSW,7,4,4,7,9,0,2,2,4,4
226,5,0.379213483,9,0.68258427,6,0.45505618,32,2.426966292,6,0.45505618,19,1.441011236,2017-01-06-1,2017-01-06,0,0,1,0,1,sunny,cloudy,cloudy,cloudy,cloudy,0,2.05078125,0,1,-1,-2,-2,-3,-2,79,96,92,90,91,0,0,0,0,0,2,7,5,5,7,MO,MO,MO,GO,GO,ESE,SSE,SE,S,S,9,7,9,9,9,2,2,4,4,4
227,16,0.568678267,83,2.950018512,6,0.21325435,40,1.421695668,18,0.639763051,22,0.781932618,2017-01-06-2,2017-01-06,0,0,1,1,1,foggy,foggy,cloudy,cloudy,cloudy,1.75,1.30078125,0,0,-1,-1,-1,-2,-1,97,96,89,88,88,0,0,0,0,0,14,16,6,6,7,PO,VP,MO,GO,GO,SE,ESE,SSE,SSW,SSW,11,9,9,9,11,2,2,4,4,7
228,14,0.358878505,118,3.024833111,28,0.717757009,36,0.922830441,33,0.845927904,28,0.717757009,2017-01-06-3,2017-01-06,2,2,2,2,2,foggy,cloudy,cloudy,cloudy,cloudy,1,2.05078125,0,0,0,0,-1,-1,-1,95,91,87,85,86,1,1,1,1,1,16,10,6,8,7,PO,MO,GO,GO,GO,S,S,S,SSW,SSW,13,11,13,13,13,4,4,7,7,7
229,13,0.342105263,64,1.684210526,21,0.552631579,40,1.052631579,38,1,29,0.763157895,2017-01-06-4,2017-01-06,4,5,5,5,5,cloudy,cloudy,cloudy,cloudy,cloudy,0,3.05078125,0,0,3,2,2,2,2,86,78,77,79,79,1,1,1,1,1,5,6,9,9,9,MO,GO,GO,GO,VG,SSW,SSW,SSW,SSW,SW,11,13,16,16,18,4,7,9,9,9
230,6,0.162606077,70,1.897070901,14,0.37941418,87,2.357788119,29,0.785929373,25,0.677525322,2017-01-06-5,2017-01-06,6,6,6,6,6,cloudy,cloudy,cloudy,cloudy,cloudy,0,3.05078125,0,0,4,3,2,3,3,70,75,79,80,79,1,1,1,1,1,4,13,18,12,12,GO,GO,GO,GO,GO,SSW,SSW,SSW,SW,SW,16,18,18,18,20,7,9,9,9,11
231,10,0.299772899,56,1.678728236,25,0.749432248,65,1.948523846,16,0.479636639,27,0.809386828,2017-01-06-6,2017-01-06,5,5,6,6,6,cloudy,rain,rain,cloudy,cloudy,0,1.73828125,1.3125,0,3,2,2,3,2,75,86,86,86,84,0,0,0,0,0,13,64,59,23,15,GO,MO,MO,MO,GO,SW,SSW,SW,SW,SW,18,20,20,20,20,7,9,11,11,11
232,5,0.270196507,32,1.729257642,16,0.864628821,41,2.215611354,13,0.702510917,18,0.972707424,2017-01-06-7,2017-01-06,5,6,6,6,6,rain,rain,rain,cloudy,cloudy,0,0.73828125,2.3125,0,2,3,3,3,3,85,92,89,90,86,0,0,0,0,0,83,88,56,23,15,GO,MO,GO,GO,GO,SW,SW,SW,SW,WSW,20,22,20,20,20,9,9,11,11,11
233,3,0.22200296,25,1.850024667,14,1.036013814,43,3.182042427,16,1.184015787,17,1.258016774,2017-01-07-0,2017-01-07,6,6,7,7,7,rain,rain,rain,rain,rain,0,0,3.05078125,0,3,3,4,4,4,99,92,95,93,93,0,0,0,0,0,58,57,56,56,52,MO,GO,GO,MO,GO,WSW,SW,SW,WSW,WSW,20,20,18,18,18,9,9,9,9,9
234,3,0.22752809,5,0.379213483,3,0.22752809,52,3.943820225,5,0.379213483,24,1.820224719,2017-01-07-1,2017-01-07,6,7,7,8,7,rain,cloudy,cloudy,rain,cloudy,0,1.62890625,1.421875,0,4,4,6,5,5,97,96,97,94,95,0,0,0,0,0,89,48,22,50,22,MO,GO,MO,GO,GO,SW,WSW,WSW,W,W,18,18,13,16,16,7,7,7,9,9
235,18,0.639763051,11,0.390966309,19,0.675305442,42,1.492780452,12,0.4265087,24,0.853017401,2017-01-07-2,2017-01-07,7,7,8,8,8,foggy,cloudy,cloudy,cloudy,cloudy,1,2.05078125,0,0,5,5,7,6,6,99,98,96,95,94,0,0,0,0,0,58,13,16,20,17,VP,MO,MO,GO,GO,WSW,WSW,W,W,WNW,13,13,11,13,13,4,4,4,7,7
236,14,0.358878505,25,0.640854473,74,1.896929239,46,1.17917223,15,0.384512684,24,0.615220294,2017-01-07-3,2017-01-07,7,7,8,8,7,foggy,foggy,cloudy,cloudy,cloudy,1.75,1.30078125,0,0,6,6,7,7,6,99,98,96,95,93,1,1,1,1,1,19,18,11,13,12,VP,PO,MO,GO,GO,W,W,W,WNW,WNW,9,11,9,11,13,2,4,4,7,7
237,16,0.421052632,27,0.710526316,34,0.894736842,44,1.157894737,16,0.421052632,26,0.684210526,2017-01-07-4,2017-01-07,8,8,9,9,8,cloudy,cloudy,cloudy,cloudy,cloudy,0,3.05078125,0,0,8,7,8,7,6,95,94,94,93,91,1,1,1,1,1,12,10,14,12,11,MO,MO,GO,GO,GO,WNW,WNW,WNW,NW,WNW,9,11,11,13,16,4,4,4,7,7
238,16,0.433616206,40,1.084040515,44,1.192444566,45,1.219545579,15,0.406515193,26,0.704626335,2017-01-07-5,2017-01-07,9,9,9,9,8,cloudy,cloudy,cloudy,cloudy,cloudy,0,3.05078125,0,0,8,8,8,8,6,94,93,94,92,88,1,1,1,1,1,10,11,11,7,8,MO,MO,GO,GO,VG,NW,NW,WNW,NW,WNW,9,9,9,9,13,4,4,4,4,7
239,13,0.389704769,25,0.749432248,67,2.008478425,47,1.408932627,13,0.389704769,22,0.659500379,2017-01-07-6,2017-01-07,8,8,8,8,7,cloudy,cloudy,cloudy,cloudy,cloudy,0,3.05078125,0,0,8,7,7,7,6,96,94,96,93,89,0,0,0,0,0,12,10,12,10,9,MO,MO,GO,GO,VG,WNW,NNW,WNW,WNW,WNW,7,9,7,9,11,4,4,4,4,7
240,6,0.324235808,13,0.702510917,10,0.540393013,28,1.513100437,13,0.702510917,17,0.918668122,2017-01-07-7,2017-01-07,8,8,8,8,7,cloudy,cloudy,cloudy,cloudy,cloudy,0,3.05078125,0,0,7,7,7,7,5,96,94,97,94,91,0,0,0,0,0,15,12,11,9,8,MO,MO,GO,GO,VG,NNW,NNW,WNW,W,WNW,7,7,7,9,11,4,4,4,4,7
241,3,0.22200296,4,0.296003947,11,0.814010853,22,1.628021707,1,0.074000987,14,1.036013814,2017-01-08-0,2017-01-08,9,8,7,7,7,cloudy,cloudy,cloudy,cloudy,cloudy,0,3.05078125,0,0,8,7,6,6,6,97,94,92,95,95,0,0,0,0,0,10,10,12,9,12,MO,MO,MO,GO,MO,WSW,NW,NW,W,W,9,7,7,9,9,4,2,4,4,4
242,10,0.758426966,6,0.45505618,9,0.68258427,25,1.896067416,6,0.45505618,20,1.516853933,2017-01-08-1,2017-01-08,9,7,7,7,7,cloudy,cloudy,cloudy,cloudy,cloudy,0,3.05078125,0,0,8,7,6,6,6,95,94,94,95,95,0,0,0,0,0,11,12,11,11,11,MO,MO,MO,GO,MO,WSW,NW,NW,W,W,7,4,7,7,9,2,2,2,4,4
243,21,0.746390226,10,0.355423917,22,0.781932618,37,1.315068493,13,0.462051092,23,0.817475009,2017-01-08-2,2017-01-08,8,7,6,6,7,cloudy,cloudy,cloudy,cloudy,cloudy,0,3.05078125,0,0,8,6,5,5,6,95,95,92,96,95,0,0,0,0,0,6,12,11,9,11,MO,MO,MO,GO,GO,WSW,WNW,WNW,W,W,4,7,7,9,11,2,2,2,4,7
244,12,0.307610147,21,0.538317757,26,0.666488652,50,1.281708945,18,0.46141522,29,0.743391188,2017-01-08-3,2017-01-08,8,7,6,7,7,foggy,cloudy,cloudy,cloudy,cloudy,1,2.05078125,0,0,7,6,5,5,6,96,90,95,94,95,1,1,1,1,1,18,13,11,9,11,VP,MO,GO,GO,GO,WSW,NW,W,W,W,4,7,7,7,11,2,2,2,4,7
245,18,0.473684211,26,0.684210526,18,0.473684211,52,1.368421053,23,0.605263158,31,0.815789474,2017-01-08-4,2017-01-08,9,7,7,8,8,cloudy,cloudy,cloudy,cloudy,cloudy,0,3.05078125,0,0,8,7,6,6,7,92,88,91,93,91,1,1,1,1,1,10,7,11,10,11,MO,MO,GO,GO,GO,W,WNW,W,W,W,4,4,9,11,13,2,2,4,4,7
246,13,0.352313167,31,0.840131399,25,0.677525322,58,1.571858746,16,0.433616206,28,0.75882836,2017-01-08-5,2017-01-08,9,8,7,8,9,cloudy,cloudy,cloudy,cloudy,cloudy,0,3.05078125,0,0,9,7,7,7,7,90,86,91,92,89,1,1,1,1,1,7,9,9,10,9,MO,MO,GO,GO,VG,WSW,W,WSW,W,W,4,4,7,9,11,2,2,4,4,7
247,15,0.449659349,25,0.749432248,58,1.738682816,61,1.828614686,19,0.569568509,27,0.809386828,2017-01-08-6,2017-01-08,9,8,7,8,8,cloudy,cloudy,cloudy,cloudy,cloudy,0,3.05078125,0,0,8,7,6,7,7,92,90,94,93,92,0,0,0,0,0,13,8,10,10,10,MO,MO,GO,GO,GO,SW,WSW,WSW,WSW,W,4,7,9,9,11,2,2,4,4,7
248,6,0.324235808,21,1.134825328,13,0.702510917,40,2.161572052,11,0.594432314,25,1.350982533,2017-01-08-7,2017-01-08,8,7,6,7,8,cloudy,cloudy,cloudy,cloudy,cloudy,0,3.05078125,0,0,8,6,5,6,6,96,92,96,94,94,0,0,0,0,0,15,12,10,10,10,MO,MO,MO,GO,GO,SSW,SW,WSW,W,W,7,9,11,9,11,4,4,4,4,7
